Workbook

Sheet 2025 DWR Respondents
A1: Submission Datetime | B1: Email Address | C1: Month | D1: Week | E1: Worker's Full Name | F1: Branch | G1: How many days did you join church WhatsApp Prayer? | H1: How has participating in WhatsApp prayer impacted your spiritual life? | I1: Did you attend Bible Study? | J1: If YES above, What specific insight did you gain from the Bible study this week? | K1: Did you attend Gethsemane/Vigil/House Fellowship? | L1: If YES above, What was the most impactful moment or teaching from this gathering? | M1: Kindly Upload the Written Notes of Your Weekly Bible Study | N1: Have you given towards Church Project Contribution? | O1: If NO, what challenges are preventing you from making your financial contributions? | P1: Did you listen to (or watch) THE WORD OF HIS GRACE on Diamond 88.5FM? | Q1: If YES, how has listening to 'The Word of His Grace' inspired you to live a more Christ-like life? | R1: Did you go for Evangelism? | S1: If YES, What is the total number of People Saved? | T1: Kindly upload a Well Written Evangelism Record (Follow the template given above) | U1: Additional Comment(s) | V1: Did you visit your Disciple(s)? | W1: If NO, why? | X1: Kindly upload a Well Written Evangelism Record (Follow the template given above)2 | Y1: Additional Comment(s)3
A2: 45687.737 | B2: oniyiderebecca17@gmail.com | C2: January | D2: Week 2 | E2: Oniyide Rebecca | F2: University of Ilesa, Osun State | G2: Mostly in the morning | H2: It has help to maintain a consistent prayer life | I2: Yes | J2: https://drive.google.com/open?id=19ODOlAd89TQgO4kyPS6-Z-xhicmTAXAS | K2: Yes | L2: https://drive.google.com/open?id=14fBPwMyKlIcut6umZEBAiCgwY59BTDuS | M2: https://drive.google.com/open?id=12LzUt1oKBXX_eZrsh8BITzbzqaZrVM8g | N2: No | O2: Have spent a lot for the festive season. | P2: Yes | Q2: Am blessed and edified through the word | R2: Yes | S2: 2 | T2: https://drive.google.com/open?id=1QzPNUc9cEHVsNv6o53pM4cxFmtgebsNK | V2: Yes | W2: I visited her | X2: https://drive.google.com/open?id=1M4g8XQRlPgj1j0i-vKnz3rcSl-Y-QtG2
A3: 45689.872 | B3: Adetumiadefokun@gmail.com | C3: January | D3: Week 5 | E3: Adefokun Adetumi Ebenezer | F3: Ipetu-Ijesha, Osun State | G3: 6days | H3: To pray better | I3: Yes | J3: https://drive.google.com/open?id=11s2Yzi6MFSapxj50Oyy2TgCCCDhLBTzt | K3: Yes | L3: https://drive.google.com/open?id=1UflfGiaE0a6EsDFSIqIU58FxCOruAEqYQNXNXWBaEIY | M3: https://drive.google.com/open?id=1FvzrE4CjqdpK6WAW2UNRzOjqbGgnAeOx | N3: Yes | P3: Yes | Q3: To know more about grace of God | R3: Yes | S3: 2 | T3: https://drive.google.com/open?id=1Z8ma06GtF4RX_fidb-R-o_IFCo74IcK- | V3: Yes | W3: G | X3: https://drive.google.com/open?id=1Z-zqSWn6FVLIk0tfxLsTL9JtQsKtNznx
A4: 45689.885 | B4: akerewusioluwadamilare@gmail.com | C4: January | D4: Week 5 | E4: Akerewusi Oluwadamilare | F4: University of Ilesa, Osun State | G4: Every day | H4: It has been helpful. | I4: Yes | J4: https://drive.google.com/open?id=1GEhuEzxZtlKE3XljleCm2a21hDzC9lBZ, https://drive.google.com/open?id=1UyYq_6K8jc_Cv3dMg94rEX2wUulfQp_Z | K4: Yes | L4: https://drive.google.com/open?id=1ZIo_9CSnJzaff9-YXMtIn2YIRz4jW-0h | M4: https://drive.google.com/open?id=1ne2Ch_45MkmyE0p2J4iLPGeXyI9v3Ptn | N4: Yes | P4: Yes | Q4: It has been helpful as reminder to the basics of Christianity. | R4: Yes | S4: I don't understand this question. It is not clear because it's not detailed enough or not specific. | T4: https://drive.google.com/open?id=1CEJKw6yUIfqLCJBmDv56-Tm7qQ_h6dFO | V4: Yes | W4: Nil | X4: https://drive.google.com/open?id=11MtNOIWgYhduUjNewUpMT_gK5YDZyTIF | Y4: Kindly work on the asterisk question very well.
A5: 45689.922 | B5: akinleyeayomidedeborah@gmail.com | C5: February | D5: Week 1 | E5: Akinleye Ayomide Deborah | F5: Health Tech Bolorunduro, Ilesa, Osun State | G5: 5 | H5: Fervent more | I5: Yes | J5: https://drive.google.com/open?id=185OMPGpyV14_3Ywf9ikUou7KGMtY-GSp | K5: Yes | L5: https://drive.google.com/open?id=1CPohZLzy0xQHwGwfnESGOwq2itUttN56 | M5: https://drive.google.com/open?id=1bE0Z4KsReUSR9c07jcDd9PMZDimfMHUH | N5: No | P5: Yes | Q5: Know more about Christ | R5: Yes | S5: 2 | T5: https://drive.google.com/open?id=1zAnsjfeTZX-VOHRHNtJ_S_-SJfpMll_V | V5: No | W5: Not around | X5: https://drive.google.com/open?id=1r-oflYql2aDq1jNOVeGSMK75y23adjbI
A6: 45689.933 | B6: lorleybee@gmail.com | C6: January | D6: Week 5 | E6: Durodola Ololade | F6: Esa-Oke, Osun State | G6: 5days | H6: To pray for other things | I6: Yes | J6: https://drive.google.com/open?id=1fR-yR93yhIOMmdx8U029wEIOQnUEh_XlyGlU-Y8rnJw | K6: Yes | L6: https://drive.google.com/open?id=1S-IhWZQ-1eihxDpjxA5PIf2LQzPvw6BOGhFhgX-W_Eg | M6: https://drive.google.com/open?id=1IftDr8MhE7fUDg7G6cICTQIu47scNeJdxmkkB77DnAU | N6: Yes | P6: Yes | Q6: Excellent | R6: Yes | S6: Three | T6: https://drive.google.com/open?id=1rkh0G1EHc77ffH0Xap53q7kQL4ZLZRsKc1ABcaKRzrw | U6: Nothing yet | V6: Yes | W6: None | X6: https://drive.google.com/open?id=1JHm4IGcPhhG1LxdGDcFNuwGbs9jRw3z2gl9aCbD155o | Y6: None
A7: 45690.087 | B7: ogundareolamideemmanuel@gmail.com | C7: February | D7: Week 1 | E7: Ogundare Olamide Emmanuel | F7: Headquarters, Egbe-Idi, Ilesa, Osun State | G7: 4 | H7: It has Greatly impacted me. | I7: Yes | J7: https://drive.google.com/open?id=1fSL9D6FHxSya6yL_SEPT53g7yIterv3T | K7: Yes | L7: https://drive.google.com/open?id=1nVBMs0zdlZ9h4u5GpJY_ijErZtBhxw63 | M7: https://drive.google.com/open?id=1chXvHdx4rIQT5o9cpw5gz6WpcpQLsq2O | N7: Yes | P7: Yes | Q7: Greatly | R7: Yes | S7: 0 | T7: https://drive.google.com/open?id=17nmzid0PBEFr0t4wka16u8sTjoAquQX6 | V7: Yes | W7: Nay | X7: https://drive.google.com/open?id=1tjZi2HgMhAFu66B1kYlw_spkH3scVTe5
A8: 45690.109 | B8: ogundareolamideemmanuel@gmail.com | C8: January | D8: Week 3 | E8: Ogundare Olamide Emmanuel | F8: Esa-Oke, Osun State | G8: 0 | H8: Greatly | I8: Yes | J8: https://drive.google.com/open?id=1d9D6wVtvdjybQ3YqafaHb-_wy7xeogx7 | K8: Yes | L8: https://drive.google.com/open?id=13XtZlSXkpJT4L05EU89nctUqUCyRntYO | M8: https://drive.google.com/open?id=1THskM0tFk7LyOdj1kB8lR4-J8JrTq8dq | N8: Yes | P8: Yes | Q8: Greatly | R8: Yes | T8: https://drive.google.com/open?id=1s87JJQFRkOr3nUG89SwwcGq23nD_NgNb | V8: Yes | X8: https://drive.google.com/open?id=1a8bFwB7AVhHrk_9ewg25V36rCvZQyXoh
A9: 45690.585 | B9: abattayo@gmail.com | C9: February | D9: Week 1 | E9: Abayomi Temitayo Ezekiel | F9: Health Tech Bolorunduro, Ilesa, Osun State | G9: 4 | H9: Positively | I9: Yes | J9: https://drive.google.com/open?id=1gSFrS7XCuxeAk4Zh62ehLJe302pWSQC3 | K9: Yes | L9: https://drive.google.com/open?id=1o99cb9VzbBhRj45lC_i_T0SYTt8au4Tm | M9: https://drive.google.com/open?id=1YBwSEYcHdI4U8fbjQad0gasI1Qj1IvUk | N9: No | O9: Incoming | P9: Yes | Q9: Great | R9: No | S9: Gfc | T9: https://drive.google.com/open?id=1KHDcKKiQdCqHvUAjxAch0xWIWX91sFi6 | U9: Ggff | V9: No | W9: Fhh | X9: https://drive.google.com/open?id=17JGVwh1hHc-wc84P5tzckg-K1SXhyaiD | Y9: Ggsh
A10: 45698.411 | B10: oyewumimary99@gmail.com | C10: February | D10: Week 1 | E10: Oyewumi Mary.A | F10: University of Ilesa, Osun State | G10: 4 | H10: It has helped me in having personal prayer life | I10: No | J10: I didn't attend Bible study | K10: Yes | L10: I was not in Bible study | M10: https://drive.google.com/open?id=1xzUiCwwIkGaYfwcO9h0vBm6AN_tVKCCc | N10: No | O10: I don't have much yet | P10: Yes | Q10: Righteousness We have two kinds of righteousness Self righteousness Deut6 verse 25 and God kind of righteousness Rom3 verse 19 Nobody can be made righteous by keeping the law because it's the law that made sin known God kind of righteousness it's faith in death burial and resurrection of Christ | R10: No | S10: None | T10: https://drive.google.com/open?id=1xF9VwNdQkIjFTK37ZaNcTPPKrZblXKh3 | U10: I didn't go for evangelism | V10: No | W10: We weren't able to meet due to unforseen circumstances | X10: https://drive.google.com/open?id=1RHlyRgHA8v5BintTgOIiId4BdmAoibPR
A11: 45714.585 | B11: oyewumimary99@gmail.com | C11: February | D11: Week 2 | E11: Oyewumi Mary.A | F11: University of Ilesa, Osun State | G11: 6 | H11: Greatly | I11: Yes | J11: That at salvation God gave us his life and at consecration we give our self to God | K11: Yes | L11: Our relationship with God is what will determine if God will be able to collect something from us or not | M11: https://drive.google.com/open?id=1MAwzAt8AsBOKUoJPZp3JXQKHJfbzd0SJ, https://drive.google.com/open?id=1SJPPdVt1jo-iGj2c9uI_mae0R6Waq6h5 | N11: No | O11: I don't have yet | P11: Yes | Q11: It's has make me to see all of God and none of me in me living righteous | R11: No | S11: None | T11: https://drive.google.com/open?id=1ZxMlpOJQM_quxCWcw4Gb2arMS39pdCzA | U11: None | V11: No | W11: I don't have any disciple | X11: https://drive.google.com/open?id=1Rgd3X_iQ_xDIBC2lB0vr9l_Vz1JJH6RH
A12: 45714.623 | B12: oyewumimary99@gmail.com | C12: February | D12: Week 3 | E12: Oyewumi Mary Abosede | F12: University of Ilesa, Osun State | G12: 5 | H12: It's has helped to have scheduled time for prayer | I12: Yes | J12: Grace was given to us to lambano : for us to lay hold of | K12: Yes | L12: All the good things that is in Christ I can also do it, that I can love as Christ love and I can also live righteously as christ | M12: https://drive.google.com/open?id=1W9J-1tzhoUtpDOjG1sVnitjFZKAjYQIf | N12: No | O12: I don't have yet | P12: Yes | Q12: It has help me to see that salvation which is suteria mean wholeness that is all encompassing | R12: No | S12: None | T12: https://drive.google.com/open?id=1q9_hgOKjGghK6TKYYQY3XlC300wFbqgq | U12: None | V12: No | W12: I don't have any | X12: https://drive.google.com/open?id=11NMcnj2Spb5gvacYxkkRRMPDtZl86Dgt | Y12: None
A13: 45716.541 | B13: arigbedeiyanuoluwa@gmail.com | C13: February | D13: Week 2 | E13: Arigbede Iyanuoluwa Testimony | F13: Esa-Oke, Osun State | G13: 1 | H13: My praying abilities | I13: No | J13: Let God be in control of your life | K13: Yes | L13: To let God be in control of your life | M13: https://drive.google.com/open?id=1t69rFdZAvjpxMZWJHSoM86ZA3AWhxFGH | N13: No | O13: I am still living under my mum's roof, i have no job | P13: Not Yet | Q13: Not yet | R13: No | S13: None | T13: https://drive.google.com/open?id=1UuS-UnDlm3ignSnTG-mzkiQolGCL_E2g | U13: We have saved some people but they don't later turn up | V13: No | W13: Nothing | X13: https://drive.google.com/open?id=1SHlBKPBhsSmYcw99YbIPyDMOM3-bso5Y | Y13: I do not have an evangelism report yet
A14: 45725.349 | B14: tumininujoyce1@gmail.com | C14: March | D14: Week 1 | E14: O. J Arigbede Esq | F14: Headquarters, Egbe-Idi, Ilesa, Osun State | G14: 3 | H14: It’s been a chance to refire | I14: Yes | J14: The inward man which is our spiritual life is far more important than our outward man which is our physical being. Therefore, pay more attention to taking care of your spiritual life than your physical appearance. | K14: Yes | L14: Same as above | M14: https://drive.google.com/open?id=1O7u37vtn16gjXeYsNkPsNMIKLMiw2xrm | N14: Yes | P14: Not Yet | R14: No | S14: None | T14: https://drive.google.com/open?id=1RY1mttYYPNEmm0l56X7f1rap475--h-f | V14: No | W14: I don’t have any disciple yet | X14: https://drive.google.com/open?id=1EYWY2ZFkh9EdDcC7WXKmJ4rrtObP876U
A15: 45725.368 | B15: arigbedeiyanuoluwa@gmail.com | C15: March | D15: Week 1 | E15: Arigbede Iyanuoluwa Testimony | F15: Headquarters, Egbe-Idi, Ilesa, Osun State | G15: 1 | H15: Yes | I15: No | J15: We should be consistence in prayer | K15: Yes | L15: Pray without seizing | M15: https://drive.google.com/open?id=1EFsIrHPOI8FfbCQQQivyr3o1DgxTIXvB | N15: No | O15: I don't have the financial strength | P15: Not Yet | Q15: It has been impactful | R15: No | S15: None | T15: https://drive.google.com/open?id=1J5-4Tvn-9SH6O4_dGO6XpVgiZn47EZEk | U15: Nothing | V15: No | W15: My house is far from others | X15: https://drive.google.com/open?id=1S_7eU-Z2d3KZGbQKCSk1u84kqTpZR9nN | Y15: Nothing
A16: 45725.535 | B16: Adetumiadefokun@gmail.com | C16: March | D16: Week 1 | E16: Adefokun Adetumi Ebenezer | F16: Ipetu-Ijesha, Osun State | G16: 6 | H16: Helps me to pray better | I16: Yes | J16: That seated in christ jesus | K16: Yes | L16: Am in christ jesus and christ is in me | M16: https://drive.google.com/open?id=1OQPAz9OonK4IKHsjB_7LswHT5rCdHvxIrVS13sIG3ZM | N16: Yes | P16: Yes | Q16: The Gospel is the power of God unto salvation | R16: Yes | S16: 3 | T16: https://drive.google.com/open?id=1dGbnHmC0H4OJn8jnrAJZbgGMqHz4rMiY | V16: Yes | X16: https://drive.google.com/open?id=1qM7UzNSPWbggjijgWDViUFNEzoBaJE-2
A17: 45725.588 | B17: faremolamotunrayoe@gmail.com | C17: March | D17: Week 1 | E17: Akerewusi Motunrayo | F17: University of Ilesa, Osun State | G17: 6 | H17: It's has been helpful | I17: Yes | J17: God's spirit dwells in me | K17: Yes | L17: I learnt that the essence of the teaching is so that I can access all of God | M17: https://drive.google.com/open?id=1gxn9YFiSdyO-qjU5KSLDoqwvAgtH0sRO | N17: Yes | P17: Yes | Q17: It was inspiring | R17: No | S17: None | T17: https://drive.google.com/open?id=1n59BzEGZWU8qRhHJIL7JjvqIBiMaQKSo | V17: No | W17: They traveled | X17: https://drive.google.com/open?id=1FD-c-NUi3Ag6orX5UJgF33YumgTfF-wW
A18: 45725.589 | B18: akerewusioluwadamilare@gmail.com | C18: March | D18: Week 1 | E18: Akerewusi Oluwadamilare Adekusibe | F18: University of Ilesa, Osun State | G18: 5 | H18: Yes. | I18: Yes | J18: We built intimacy with God through His Spirit that's in us. Do much more for your spirit than the physical appearance. | K18: Yes | L18: We built intimacy with God through His Spirit that's in us. Do much more for your spirit than the physical appearance. | M18: https://drive.google.com/open?id=14ckwPJ1QS7UApcpomcvUKkmHjbK3vDJr | N18: No | O18: No for this month. I will very soon. | P18: Not Yet | Q18: Impactful. | R18: No | T18: https://drive.google.com/open?id=1k5hqDageiPVQc1x74se74kRi0qV3CrOo | V18: No | X18: https://drive.google.com/open?id=10Xa-qpWatOCq9zDUCSzR5n98m19fL7_Y | Y18: Sir, you still need to work on evangelism and discipleship spaces.
A19: 45725.592 | B19: oyewumimary99@gmail.com | C19: March | D19: Week 1 | E19: Mary Oyewumi | F19: University of Ilesa, Osun State | G19: 5 | H19: It’s has help me to have consistent prayer life | I19: Yes | J19: Intimacy with God is build in our spirit | K19: Yes | L19: The fact that he dwell in my spirit make him the owner of that house. When God spirit mix with my spirit we become one | M19: https://drive.google.com/open?id=1RP6q0PB7i8FMOA1UbUtYHNtiKxnCLyVf | N19: No | O19: I am rich presently | P19: Yes | Q19: It’s has help me to know that to receive the Holy Spirit is to believe the gospel | R19: No | S19: None | T19: https://drive.google.com/open?id=1QAUdjRbvkukFZwY9eJVN3vvYPf3Lz9Af | V19: No | W19: I don’t have | X19: https://drive.google.com/open?id=1fhcWq4XjUhL9PZXjX8AIqKKEP1IaPwRT
A20: 45725.592 | B20: oniyiderebecca17@gmail.com | C20: March | D20: Week 1 | E20: Oniyide Rebecca | F20: University of Ilesa, Osun State | G20: 4 | H20: It has been edifying moment | I20: Yes | J20: There are two world : the seen world and the unseen world. Both are real. The fact that God is spirit makes him indwell us. The intimacy with God is built in our spirit that where God lives | K20: Yes | L20: There are two world : the seen world and the unseen world. Both are real. The fact that God is spirit makes him indwell us. The intimacy with God is built in our spirit that where God lives | M20: https://drive.google.com/open?id=1Uvxqd_hKkK5UZoJYliXY1ULbpPBhPC9s | N20: Yes | P20: Yes | Q20: Believers are made righteous only by faith in what Christ has done for us | R20: No | T20: https://drive.google.com/open?id=1jDdPOgNvZY5NRva6F9dB1e5tyaXo_n0r | V20: No | W20: They travel, they have a break in school | X20: https://drive.google.com/open?id=1sW8Rl7CtcbVnVBnIKzsCyOeqZsKNzMFD
A21: 45725.596 | B21: olaremiabiola@gmail.com | C21: March | D21: Week 1 | E21: Veronica Abiola Iyabo | F21: University of Ilesa, Osun State | G21: 6 | H21: It has made it consistent | I21: Yes | J21: That the spirit of God in us does not and can never sleep | K21: Yes | L21: The Bible teaching sessions | M21: https://drive.google.com/open?id=1Axiv85gNnwJvEFFbw9n46q2iOEqI8Zlh | N21: No | O21: Financial Constraint | P21: Yes | Q21: It has helped simplified my Christian walk bettr | R21: No | T21: https://drive.google.com/open?id=1i1XEtSuwr7j-f8rN4DzS-yvD8Fj3wjZ9 | V21: No | W21: I don't have any yet | X21: https://drive.google.com/open?id=1O1muEIQyRvYZgB80lEQKVhqRlZvQqzla
A22: 45725.603 | B22: abattayo@gmail.com | C22: March | D22: Week 1 | E22: Abayomi Temitayo Ezekiel | F22: Health Tech Bolorunduro, Ilesa, Osun State | G22: 5 | H22: Yes | I22: Yes | J22: Yes | K22: Yes | L22: Why we study so that we can be full of him | M22: https://drive.google.com/open?id=13VZMcNz_d9zfxbiEQdDSW_xhqPN3CZUc | N22: Yes | P22: Yes | Q22: Yes | R22: No | T22: https://drive.google.com/open?id=1gWLkTehIRI63SHCP6zErMkXnCy_Oq5nn | V22: No | W22: Not around | X22: https://drive.google.com/open?id=1zY2jEKjb-TZHpev-4LVTvsmsEyJHvyQ4
A23: 45731.935 | B23: arigbedeiyanuoluwa@gmail.com | C23: March | D23: Week 2 | E23: Arigbede Iyanuoluwa Testimony | F23: Headquarters, Egbe-Idi, Ilesa, Osun State | G23: 4 | H23: The ability to pray more | I23: No | J23: None | K23: Yes | L23: None | M23: https://drive.google.com/open?id=1T6Sn9THJ1loQSo_KfJxL_4I1uUAHvf-o, https://drive.google.com/open?id=1BMRHK8vov_CjB6qkNT-uwUl7Eep0_i_a | N23: No | O23: Not financially stable | P23: Not Yet | Q23: I have not been listening to it | R23: No | S23: None | T23: https://drive.google.com/open?id=1TuHHrUrkTVabWfwJlgO0cqn6RtNxK6yI | U23: We've saved some people but they are being reluctant | V23: No | W23: Nothing | X23: https://drive.google.com/open?id=1rPW90xtDVbIzOgDo1uOsstFAfAG070EF | Y23: No comment
A24: 45732.349 | B24: poluwaferanmi52@gmail.com | C24: March | D24: Week 2 | E24: Alaba Precious Oluwaferanmi | F24: Health Tech Bolorunduro, Ilesa, Osun State | G24: 4 | H24: It has really my life so far | I24: No | J24: I didn't attend Bible study | K24: No | L24: No | M24: https://drive.google.com/open?id=1dA91mlJTdrIR5VTOWt0niz6o0xCo_i8u | N24: Yes | P24: Not Yet | R24: No | S24: I didn't attend | T24: https://drive.google.com/open?id=18cPj4j8JzrMFdIFLbCvEtOhXAZnrdQNV | V24: No | W24: I didn't have any disciple | X24: https://drive.google.com/open?id=1tEoxTh3ml3eDbMAjvGHLvFYTG30WR4Xk
A25: 45732.62 | B25: oniyiderebecca17@gmail.com | C25: March | D25: Week 2 | E25: Oniyide Rebecca | F25: University of Ilesa, Osun State | G25: 5 | H25: Edifying | I25: Yes | J25: In building intimacy with God the foundation is our heart | K25: Yes | L25: In building intimacy with God the foundation is our heart | M25: https://drive.google.com/open?id=1_hvny773Np7XySVWt9WpvwP24ONc1Dny | N25: No | O25: God will provide | P25: Yes | Q25: God's righteousness is a gift of God to everyone that believe | R25: No | T25: https://drive.google.com/open?id=1NGIs4l2FGgGC4fwGeooUv-044G5WBvUT | V25: No | W25: They travel | X25: https://drive.google.com/open?id=16jMhT2rjRnprLWAo43TwzYiNeAArk7qq
A26: 45732.837 | B26: akerewusioluwadamilare@gmail.com | C26: March | D26: Week 2 | E26: Akerewusi Oluwadamilare Adekusibe | F26: University of Ilesa, Osun State | G26: 5 | H26: Helpful | I26: Yes | J26: Part of what I gained is that the heart is the foundation of building intimacy with God. The state of our hearts as believers are very important in building intimacy with God. | K26: Yes | L26: It's my responsibility to take care of the heart in building intimacy with God. | M26: https://drive.google.com/open?id=1fnE8AJJm1ecSkNwbpLmyI9uB9FfXW7W4, https://drive.google.com/open?id=1RyaDkyzxu9L-8l_4WYSBlfxW-wZ1lRqI | N26: No | O26: I pray for provision. I will surely pay it. | P26: Yes | Q26: Helpful. | R26: No | T26: https://drive.google.com/open?id=18dAcCCTNUFB7ZWeKGEX0lEMwy724-aDj | V26: No | X26: https://drive.google.com/open?id=1uJoPor4K2Ppq0QutOn3N_N3KNTqDGTqX
A27: 45735.761 | B27: akinleyeayomidedeborah@gmail.com | C27: March | D27: Week 1 | E27: Akinleye Ayomide Deborah | F27: Health Tech Bolorunduro, Ilesa, Osun State | G27: 5 | H27: Improve me spiritually | I27: No | J27: I don't attend | K27: Yes | L27: I don't attend | M27: https://drive.google.com/open?id=1xhV2OHrKSMbMLLvPtn_WJXIiDV7loDt3 | N27: No | O27: Financial challenges | P27: Not Yet | R27: Yes | S27: They are all saved | T27: https://drive.google.com/open?id=1KeESJWwW-yVgciLD1OMgxixZUKtzCM9j | V27: No | W27: Not around | X27: https://drive.google.com/open?id=1k2pGuOZpfvWewAWzP3XbUicLLmhgkXVY
A28: 45738.769 | B28: arigbedeiyanuoluwa@gmail.com | C28: March | D28: Week 3 | E28: Arigbede Iyanuoluwa Testimony | F28: Headquarters, Egbe-Idi, Ilesa, Osun State | G28: 1 | H28: I was encourage to pray more | I28: No | J28: Nothing | K28: No | L28: ......... | M28: https://drive.google.com/open?id=1l-ai9fLVjD8D7rjc3JLYcZGgdJqKuoVj | N28: No | O28: No job yet | P28: Not Yet | Q28: Nothing yet | R28: No | S28: None | T28: https://drive.google.com/open?id=1nGRaZDwCpQIPh7GiqL0MJJz7SE2-yX91 | V28: No | W28: Nothing | X28: https://drive.google.com/open?id=1ZJBO5xj3G2PT7cR2UCDB9vf9cRscKMS9
A29: 45739.361 | B29: olaremiabiola@gmail.com | C29: March | D29: Week 2 | E29: Veronica Olaremi Abiola | F29: University of Ilesa, Osun State | G29: 6 | H29: It helped improved and made my prayer life more consistent | I29: Yes | J29: I learnt that my heart is the foundation of building intimacy with God because love comes from the heart not feelings | K29: Yes | L29: I learnt that love starts an intimate relationship but faithfulness sustains it | M29: https://drive.google.com/open?id=1SsB-f_AwN6ao8pshgeTAxPLdvB9CEqOh | N29: No | O29: Financial Constraint | P29: Yes | Q29: It has helped simplify the things of God for me | R29: No | T29: https://drive.google.com/open?id=1FxhUcsV6IVsIYlyC-JIqO_73-IYG5S5F | V29: No | W29: I don’t have any yet | X29: https://drive.google.com/open?id=1nYQuxt2n9I2C-6Uw94YlBCoT5TMYaCNH
A30: 45739.364 | B30: olaremiabiola@gmail.com | C30: March | D30: Week 3 | E30: Veronica Olaremi Abiola | F30: University of Ilesa, Osun State | G30: 6 | H30: It has improved grately | I30: Yes | J30: I learnt that the difference between one believer and another is determined by how faithful we are to God | K30: Yes | L30: That God is not partial but our differences in access to him is dependent on how intimate we are to him | M30: https://drive.google.com/open?id=1y3-z2FrfD0ad8OoBlVWridvLKOu4TbEO | N30: No | O30: Financial constraints | P30: Yes | Q30: Simplify and expounded the word of God to me | R30: No | T30: https://drive.google.com/open?id=1wH87cYaeXA0YnrcjTYozOCSq1yYcIxlD | V30: No | W30: I don’t have any yet | X30: https://drive.google.com/open?id=1uowW9yxbpXTs1B6YTiULyq2ymP9SW38V
A31: 45739.368 | B31: Promsco1996@gmail.com | C31: March | D31: Week 1 | E31: Oluyemi Promise | F31: University of Ilesa, Osun State | G31: 5 | H31: Participating in church prayer has strengthened my faith and trust in God. Hearing others pray and share their testimonies has encouraged me to persevere through difficult times and to believe in God's goodness | I31: No | J31: Not around | K31: Yes | L31: Not around | M31: https://drive.google.com/open?id=1KuEECetjnVJD7pTVnvV0Q7eBj5UfamhP | N31: Yes | P31: Yes | R31: No | T31: https://drive.google.com/open?id=1jVmopRrRQVO3s8IsGr2X8n4MRJBGUB8q | V31: Yes | X31: https://drive.google.com/open?id=1CqwC-oMyF8W-biLeKWrK5urjO0947IOa
A32: 45739.375 | B32: Promsco1996@gmail.com | C32: March | D32: Week 2 | E32: Oluyemi Promise | F32: University of Ilesa, Osun State | G32: 5 | H32: Sense of Belonging Church prayer has given me a sense of belonging to a community of believers. We support and uplift each other, and I feel grateful to be part of a group that shares my values and passions. | I32: Yes | J32: Building intimacy with God starts with knowing Him deeply. Intimacy is cultivated in the heart, not just through head knowledge. The more you know God, the more love is built. Just like any relationship, love grows stronger when you spend quality and quantity time together. To deepen your intimacy with God, focus on: - Spending quality and quantity time with Him - Giving attention and being present - Being appreciative and grateful for His presence - Recognizing and acknowledging His presence in your life By prioritizing these practices, you'll cultivate a richer, more loving relationship with God. | K32: Yes | L32: Building intimacy with God starts with knowing Him deeply. Intimacy is cultivated in the heart, not just through head knowledge. The more you know God, the more love is built. Just like any relationship, love grows stronger when you spend quality and quantity time together. To deepen your intimacy with God, focus on: - Spending quality and quantity time with Him - Giving attention and being present - Being appreciative and grateful for His presence - Recognizing and acknowledging His presence in your life By prioritizing these practices, you'll cultivate a richer, more loving relationship with God. | M32: https://drive.google.com/open?id=10tTlQ230tGLtkBTvaoMwyvLViB8bQ0z4 | N32: No | P32: Not Yet | R32: No | T32: https://drive.google.com/open?id=1KdPVeH2HBT-gTjgl-ASzwdA4p6KdjZf4 | V32: No | X32: https://drive.google.com/open?id=1c-R9Tc3AMwZTLDffUYN3P8HhF6ka5NPQ
A33: 45739.385 | B33: promsco1996@gmail.com | C33: March | D33: Week 3 | E33: Oluyemi Promise | F33: University of Ilesa, Osun State | G33: 5 | H33: Church prayer has helped me cultivate a spirit of gratitude and thanksgiving. I've learned to appreciate God's blessings and goodness in my life, and I've become more mindful of the things that truly matter. | I33: Yes | J33: Access to God is open to all of us. How long you can go in God determine how much of God you can see, intimacy start on the platform of love but faithfulness is the driver and sustainer of intimacy | K33: Yes | L33: Access to God is open to all of us. How long you can go in God determine how much of God you can see, intimacy start on the platform of love but faithfulness is the driver and sustainer of intimacy | M33: https://drive.google.com/open?id=11b5HnQh633A7twDB7oR_vNf6aD5baspv | N33: No | P33: Yes | Q33: I've gained a deeper understanding of God's character and nature. I've learned to see Him as a loving Father, a gracious Redeemer, and a faithful Friend. This understanding has transformed my relationship with God and has given me a newfound sense of purpose and meaning. | R33: No | T33: https://drive.google.com/open?id=1GgbyCVO5vWRfdX1ylhwwwKOIgvj-iZok | V33: No | X33: https://drive.google.com/open?id=1rq2Al0tjqkqjPsADiGbyxzq7Heo7dKBZ
A34: 45739.421 | B34: akinleyeayomidedeborah@gmail.com | C34: March | D34: Week 2 | E34: Akinleye Ayomide Deborah | F34: Health Tech Bolorunduro, Ilesa, Osun State | G34: 6 | H34: Improve me spiritually | I34: No | J34: Don't attend | K34: Yes | L34: Don't attend | M34: https://drive.google.com/open?id=15vcRSob0Y807oJnKwpWS6gW9GEAyB7Nd | N34: No | O34: Financial challenges | P34: Yes | Q34: Impact me more and encourage me to known Christ more. | R34: Yes | S34: 2 | T34: https://drive.google.com/open?id=1IHPRoUV0AfGSXgxgVqbBZp5jJkVvCW9m | V34: No | W34: Not around | X34: https://drive.google.com/open?id=1pyloG3EnwsUxB11ky1Fy5XnBrlel_PMl
A35: 45742.594 | B35: oyewumimary99@gmail.com | C35: March | D35: Week 2 | E35: Oyewumi Mary Abosede | F35: University of Ilesa, Osun State | G35: 5 | H35: It has help me to have personal prayer life | I35: Yes | J35: In building intimacy with God the foundation which is the most important is our heart and the state of our heart determines how our intimacy with God is going to look like. | K35: Yes | L35: In building intimacy we have to be careful with what we're building intimacy with We need to pay attention to the state of our heart because what is inside our heart is what will determine what is outside that we need to concentrate on the man inside than the man outside. | M35: https://drive.google.com/open?id=1__mnh8Ox-AB9NZJ3I1prK34euUJm-9RI | N35: No | O35: No | P35: Yes | Q35: It has made me to see that gospel is believing in the grace of our Lord Jesus Christ and it's the gospel that show us how a man can be right with God | R35: No | S35: None | T35: https://drive.google.com/open?id=1VbOWj6zMOd_tTDekJauOz4kbC2qEnOj2 | V35: No | W35: I don't have | X35: https://drive.google.com/open?id=1GIsVW1Wev5O1073BNMxGhAWhJgORltI7
A36: 45742.603 | B36: oyewumimary99@gmail.com | C36: March | D36: Week 3 | E36: Oyewumi Mary Abosede | F36: University of Ilesa, Osun State | G36: 4 | H36: It has help me to have personal relationship with the father at an early hour | I36: No | J36: I wasn't around | K36: Yes | L36: I wasn't around | M36: https://drive.google.com/open?id=17j25-Wg1iDmKstm45ziiy-G1rcocSL-d | N36: No | O36: No | P36: Yes | Q36: It has help me to see that gospel has been in existence from the old testament and it was made clear in the new testament and that what was preached to Abraham was the gospel | R36: No | S36: None | T36: https://drive.google.com/open?id=1G0F_v-Qz9M0uVfn4rQNuGrV-rKIknJmM | V36: No | W36: I don't have any | X36: https://drive.google.com/open?id=1a1hEHwa1m-Som0L77atUhvrS04GPNWKG
A37: 45745.697 | B37: owolabimary2208@gmail.com | C37: March | D37: Week 1 | E37: Owolabi Mary | F37: Health Tech Bolorunduro, Ilesa, Osun State | G37: 4 | H37: It helps my consistency in praying | I37: Yes | J37: We build intimacy with God so that will can access all of God | K37: Yes | L37: Pastor's teaching | M37: https://drive.google.com/open?id=1socCaR4IqmVv1MArVb2SNA6gXvUinKZ3 | N37: Yes | P37: Yes | Q37: It increases my understanding of the Grace of God | R37: Yes | S37: Nill | T37: https://drive.google.com/open?id=1xSnz_y9qMBeR69pwgJheLn3Qa899nQSo | V37: Yes | X37: https://drive.google.com/open?id=1-u9GaNLr8tMRwIkrl_-OIPfEEPOAtIU0
A38: 45745.711 | B38: owolabimary2208@gmail.com | C38: March | D38: Week 2 | E38: Owolabi Mary Blessing | F38: Health Tech Bolorunduro, Ilesa, Osun State | G38: 4 | H38: To be more conscious of prayer | I38: Yes | J38: My heart is the foundation of building intimacy with God | K38: Yes | L38: Christ should be in your heart not only on your lips | M38: https://drive.google.com/open?id=152tgTl-0IgtgKh0K2glttLEaazoSHN5h | N38: Yes | P38: Yes | Q38: It increases my knowledge of the Grace of God in Christ | R38: Yes | S38: 2 | T38: https://drive.google.com/open?id=1OjLudhvfaEPsRFubD1UNzUZSWfdOSFpT | V38: Yes | X38: https://drive.google.com/open?id=1kFYkTq3y8i-HmmmH1omvqcgT2qEPMtWV
A39: 45745.723 | B39: owolabimary2208@gmail.com | C39: March | D39: Week 3 | E39: Owolabi Mary Blessing | F39: Health Tech Bolorunduro, Ilesa, Osun State | G39: 4 | H39: It helps my consecration to prayer | I39: Yes | J39: How long and how deep you can go in God it depend on your level of intimacy with Him | K39: Yes | L39: If you are not faithful with little more can not entrusted to your hands. | M39: https://drive.google.com/open?id=1NEuEiUyIOp17O_ZNK_LiYN1qNkYw7FxF | N39: Yes | P39: Yes | Q39: It inspires me to be grateful for His grace | R39: Yes | S39: Nill | T39: https://drive.google.com/open?id=1EGz-w2s43DE7FqwFoxrkivB5_EPuTlwJ | V39: Yes | X39: https://drive.google.com/open?id=1Jx4h0BHvNJVU_boS4aoUXvz2D9rW0mGZ
A40: 45745.901 | B40: akerewusioluwadamilare@gmail.com | C40: March | D40: Week 3 | E40: Akerewusi Oluwadamilare Adekusibe | F40: University of Ilesa, Osun State | G40: 5 | H40: Helpful. | I40: Yes | J40: Faithfulness. In building intimacy with God faithfulness is needed. | K40: Yes | L40: God is faithful. God also requires faithfulness from us as his children. | M40: https://drive.google.com/open?id=1nqIp7BeTKF6i2qGqUZYdC0Ib24ZDAgFL, https://drive.google.com/open?id=1nnIFpHiZayPBcpTk75NHZqFHBJ_KddXP | N40: Yes | P40: Yes | Q40: Helpful. | R40: Yes | T40: https://drive.google.com/open?id=1Ti1ALXH517avSri0B2-165aRyxSe4WSD | V40: Yes | X40: https://drive.google.com/open?id=1I3lNoFPsfxtqzuueB8dp3ZZOYa8UWGQb
A41: 45746.582 | B41: arigbedeiyanuoluwa@gmail.com | C41: March | D41: Week 4 | E41: Arigbede Iyanuoluwa Testimony | F41: Headquarters, Egbe-Idi, Ilesa, Osun State | G41: 1 | H41: It helps me to be consistent in prayer | I41: No | J41: Nothing | K41: No | L41: Nothing | M41: https://drive.google.com/open?id=1dGhTrCb5_EIrds6CnlnqYeiemoI6-804 | N41: No | O41: No job | P41: Not Yet | R41: No | S41: None | T41: https://drive.google.com/open?id=1ZlPZ2CH7f08uE77a83Pw5KXaaOHRx1un | V41: No | W41: My house is far | X41: https://drive.google.com/open?id=1cNfp6ct8OwIcCrtf60OAqq85LMY26hYY
A42: 45746.582 | B42: oniyiderebecca17@gmail.com | C42: March | D42: Week 3 | E42: Oniyide Rebecca | F42: University of Ilesa, Osun State | G42: 5 | H42: Edifying | I42: Yes | J42: There is no faithfulness if there is no opposing circumstances. God is ever faithful and will never fail. | K42: Yes | L42: God is ever faithful and will never fail. | M42: https://drive.google.com/open?id=1DAh-btQrGMgUld4koEO9DuPy15jY0s_b | N42: No | O42: God will provide | P42: Yes | Q42: God's righteousness is the gift of God. | R42: No | T42: https://drive.google.com/open?id=1jqgu4ss0SuyjBmi1cpt-x6lG5QANIzzT | V42: No | W42: I called them to check on them | X42: https://drive.google.com/open?id=19mfMjzMXEm9FnZO-6U3BxqomSM0w74EQ
A43: 45746.588 | B43: oniyiderebecca17@gmail.com | C43: March | D43: Week 4 | E43: Oniyide Rebecca | F43: University of Ilesa, Osun State | G43: 5 | H43: It has help me to be consistent in prayer | I43: Yes | J43: Faithfulness means to have unwavering loyalty in someone or something Believe the best of people. | K43: Yes | L43: Faithfulness means to have unwavering loyalty in someone or something Believe the best of people. | M43: https://drive.google.com/open?id=1kVf_-NKv47D4_DJkYDzEG0UzrisM-_2Z | N43: No | O43: God will provide | P43: Yes | Q43: Radio broadcast has blessed me so much | R43: No | T43: https://drive.google.com/open?id=1IYMoTAE2nZccypzqtt-I7mfS7KtemnXq | V43: No | W43: I called them | X43: https://drive.google.com/open?id=1roPm-ifvDD3-MEf6IQzw5oCmIYUfRAvU
A44: 45746.59 | B44: oyewumimary99@gmail.com | C44: March | D44: Week 4 | E44: Oyewumi Mary Abosede | F44: University of Ilesa, Osun State | G44: 5 | H44: It's has help me to have the consciousness of praying at the particular time | I44: Yes | J44: I wasn't around | K44: Yes | L44: I wasn't around | M44: https://drive.google.com/open?id=1379XX35GDkGAYsoK5VRu0acrLL6wyH0l | N44: No | O44: I don't have yet | P44: Yes | Q44: The teaching has made me to see that the and in John 3:5 was used to give further explanation to the same thing. Meaning that the spirit will work as water in anyone that believe. Water is the figurative of the spirit. | R44: No | S44: None | T44: https://drive.google.com/open?id=1sMnkqREegI1OgfvlB9mFARMrGZiOdhBN | V44: No | W44: I don't have any | X44: https://drive.google.com/open?id=1jnmEtXz3O8-Jvo9kzLEnCQv-w7IuppG8
A45: 45746.593 | B45: abattayo@gmail.com | C45: March | D45: Week 2 | E45: Abayomi Temitayo E | F45: Health Tech Bolorunduro, Ilesa, Osun State | G45: 4 | H45: Yes | I45: Yes | J45: Intimacy with God | K45: Yes | L45: The intimacy with God is love for God | M45: https://drive.google.com/open?id=1iWVYLyTK-6MoabPle1ZXLHgOOAb4i79Y | N45: Yes | O45: No | P45: Yes | Q45: Yes | R45: Yes | S45: 1 | T45: https://drive.google.com/open?id=1jbcyZbKfJto4TUhQErfeeBW29ZSnKY5D | U45: Not yet | V45: No | W45: Not available | X45: https://drive.google.com/open?id=1fVsEprBuRLORdeoWn-1Jn1qKXLMBLSYj
A46: 45746.597 | B46: abattayo@gmail.com | C46: March | D46: Week 3 | E46: Abayomi Temitayo E | F46: Health Tech Bolorunduro, Ilesa, Osun State | G46: 4 | H46: 5 | I46: Yes | J46: Many | K46: Yes | L46: Intimacy start with love | M46: https://drive.google.com/open?id=15ZKPg7WieMCW0Aj2Xx_Or9GaTCIMXD6g | N46: Yes | O46: Non | P46: Yes | Q46: Lot | R46: Yes | S46: 1 | T46: https://drive.google.com/open?id=17PYLFS6ZofX3T2Hhx8R1i_3w7Hxj7oXR | U46: Yes | V46: Yes | W46: Yes | X46: https://drive.google.com/open?id=1aPjpD5-O4SaThhNgYVsgtqjrmPxX5JbW
A47: 45754.32 | B47: adefokuntimileyin@gmail.com | C47: March | D47: Week 5 | E47: Adefokun Timileyin Victoria | F47: Ipetu-Ijesha, Osun State | G47: 4 | H47: It's has being helping my prayer life | I47: Yes | J47: Every opportunity, privilege, access and position that we have is for us to serve God . | K47: Yes | L47: Is during the teaching | M47: https://drive.google.com/open?id=1r7xkb08blG1VllzW0jv-kxiXh0dfSFSA | N47: Yes | P47: Not Yet | R47: Yes | S47: 1@ | T47: https://drive.google.com/open?id=1B_AUEs02jy-ispej8Sv_JdCj-6e99pEj | U47: She's cooperating and desire to know more . | V47: Yes | W47: Yield | X47: https://drive.google.com/open?id=1eDXuVZ6IiatE0spi7Lgo6GDJr0rp5H2S | Y47: She's growing and desire to know more
A48: 45758.902 | B48: akerewusioluwadamilare@gmail.com | C48: March | D48: Week 4 | E48: Akerewusi Oluwadamilare | F48: University of Ilesa, Osun State | G48: 6 | H48: Impactful | I48: Yes | J48: Your faithfulness to someone must be 💯 regardless of any circumstances | K48: Yes | L48: God built intimacy with His people through trust. | M48: https://drive.google.com/open?id=15FLqBPhywy-tHq1eLESvIOFfOkuSa5so, https://drive.google.com/open?id=10_Nx3EzfCrJ1Nsfoop5F6G5_yEpnn3HT | N48: Yes | P48: Yes | Q48: Helpful | R48: Yes | S48: For follow up. | T48: https://drive.google.com/open?id=1JG9PJkgz6T1LsbhkBphJIQs30PANx9ea | V48: Yes | X48: https://drive.google.com/open?id=19rrTfXxZgoWwujz25SLXQJodWo8mviEC
A49: 45758.907 | B49: akerewusioluwadamilare@gmail.com | C49: March | D49: Week 4 | E49: Akerewusi Oluwadamilare Adekusibe | F49: University of Ilesa, Osun State | G49: 5 | H49: Better | I49: Yes | J49: We're what we eat. Therefore I should pay closer attention to what I hear or read. | K49: Yes | L49: Faithfulness. Faithfulness makes relationships works. We should keep believing the best of others. Most especially when things went south or north. | M49: https://drive.google.com/open?id=1oPCYgpm-XLwkgxAUvQh3CavN-qNwE9cD, https://drive.google.com/open?id=1FA2kYySadeM-hCNbp__TX79-313tHg-r | N49: Yes | P49: Yes | Q49: Helpful | R49: Yes | S49: Follow up | T49: https://drive.google.com/open?id=1PpGwmMvhwbGePXhiGt1NckhHVDnj2ndy | V49: Yes | X49: https://drive.google.com/open?id=1-5lNlgwBHybf56axNEyRCKHUWY9-w1_H
A50: 45758.914 | B50: akerewusioluwadamilare@gmail.com | C50: April | D50: Week 1 | E50: Akerewusi Oluwadamilare Adekusibe | F50: University of Ilesa, Osun State | G50: 5 | H50: Helpful | I50: Yes | J50: I learned that God wants us to do good work. God's word gives us necessary tools or skills to do good work as we ought. | K50: Yes | L50: Good works are product of salvation. We're saved unto good works. I learned that good works required competency. | M50: https://drive.google.com/open?id=1wsNAGDNUG6O5Jg8n1DIgSvz1PL58RR8i, https://drive.google.com/open?id=1-09JJwgu_rmISIjYohr0z3N5GTFwZXcN, https://drive.google.com/open?id=11RTT6_uy8Ne6L7CkMamMLcrTdSyHXKMC, https://drive.google.com/open?id=12D551OhCpnkRc58bAZ4mJjFI5PV1QJU5 | N50: No | O50: Not yet | P50: Yes | Q50: Helpful | R50: Yes | S50: Reach out to people concerning Grace Conference 2025 | T50: https://drive.google.com/open?id=1Nl7QvcAGbNJ-RqfIU97bLQcUkO90BF54 | V50: Yes | X50: https://drive.google.com/open?id=1q80AaE09FDNB1lwpuBNj5Ub6pNEwZk_F
A51: 45760.747 | B51: oyewumimary99@gmail.com | C51: April | D51: Week 1 | E51: Abosede Mary Oyewumi | F51: University of Ilesa, Osun State | G51: 4 | H51: It's has helped me to have personal prayer life | I51: Yes | J51: Our good works are not for God, but for men to see that we belong to God and that we can only do good works when we're saved. | K51: Yes | L51: We're created to do good works and we are not to do it anyhow but we are to be efficient, proficient and competent at doing it. That what give us the necessary tools to do good works is the word of God and that good works are products of salvation not what give us salvation. | M51: https://drive.google.com/open?id=19VJj-FCtAFAJJKXLbNNVr4XgRNwsAHrC | N51: No | O51: Am still trusting God for provision | P51: Yes | Q51: Salvation is by our faith in Christ alone and that we don't need water baptism before we are save. Water baptism in John 3:5 is figurative of the spirit | R51: No | S51: None | T51: https://drive.google.com/open?id=17b8LP1KpQXt0IISnefJXF5Ga67oNBiA7 | V51: No | W51: I don't have any | X51: https://drive.google.com/open?id=1-S51ZcMHkHnMT5lO6aeJJtMUIErDcl_f
A52: 45760.759 | B52: oyewumimary99@gmail.com | C52: April | D52: Week 2 | E52: Oyewumi Mary Abosede | F52: University of Ilesa, Osun State | G52: 5 | H52: It's has helped me to have consistent prayer life | I52: Yes | J52: Good works simply means everything that reflects God. God is good and do good works too so we are also meant to do good works | K52: Yes | L52: Our good works are only define by God and that when we do good works as we are expected to do it we have right standing with God. To do good works required our commitment meaning for us to do good works well it requires decisive dedication | M52: https://drive.google.com/open?id=149VbIDtMn0VDLzRlrWlDDT9rXLKH9M4l | N52: No | O52: Am still trusting God for provision | P52: Yes | Q52: Salvation is purely of God so it didn't require our personal effort or water baptism before it's complete | R52: No | S52: None | T52: https://drive.google.com/open?id=1PJFJWMY4Pv2eInliDfYl1jZ7CdQC1a-q | V52: No | W52: I don't have yet | X52: https://drive.google.com/open?id=1i8Xjvgiq--s9BZtiUpteNaAHAzouaX8N
A53: 45816.554 | B53: oniyiderebecca17@gmail.com | C53: June | D53: Week 1 | E53: Oniyide Rebecca Mololuwa | F53: University of Ilesa, Osun State | G53: 5 | H53: It's edifying | I53: Yes | J53: Ministry is serving Ministry is getting men to God When God gives ministry he gives necessary provision | K53: No | L53: Ministry is serving Ministry is getting men to God When God gives ministry he gives necessary provision | M53: https://drive.google.com/open?id=1pU1PVkI1SBKA_LGFVz99ZGkFPtum9RYK | N53: No | O53: God will provide | P53: Yes | Q53: Learning grace is not a license to sin. We are not bond by law | R53: Yes | S53: 2 | T53: https://drive.google.com/open?id=1zLMR_sF8jBRTBAUbewLrW0OHdi7_i_oy | U53: Blessed be God for strength | V53: Yes | X53: https://drive.google.com/open?id=1yPCn9tqz50PnmBLcG3psu3I1Fwv7J8om | Y53: Men are learning
A54: 45816.561 | B54: tumininujoyce1@gmail.com | C54: June | D54: Week 1 | E54: O. J Arigbede Esq. | F54: Headquarters, Egbe-Idi, Ilesa, Osun State | G54: 2 | H54: It has helped me pray more | I54: No | J54: We have been called into ministry to serve. As believers, we have all been called into the ministry of reconciliation. | K54: No | L54: God has given us all different ministry gifts to carry out this assignment in different levels and places. | M54: https://drive.google.com/open?id=1YeTBCX14M_-6InvMaMQeDM17gl7AIEQC | N54: No | O54: No challenge | P54: Yes | Q54: God gave birth to us and we as believers are like him. | R54: No | S54: None | T54: https://drive.google.com/open?id=10-v8P8PfyrmZ8_nIDwMvB3ghLVuyrBOp | U54: None | V54: No | W54: Occupied | X54: https://drive.google.com/open?id=1Yd3nhr0klviwt9EBv-woz03iCmFDGRGV
A55: 45816.569 | B55: abattayo@gmail.com | C55: June | D55: Week 1 | E55: Abayomi Temitayo Ezekiel | F55: Health Tech Bolorunduro, Ilesa, Osun State | G55: 4 | H55: Edifying | I55: Yes | J55: Ministry gifts insight | K55: Yes | L55: There is no competition | M55: https://drive.google.com/open?id=1YsFY6TLh71H14KwFgRQOS8vJiXFjdiI8 | N55: Yes | O55: Nop | P55: Yes | Q55: Edifying | R55: Yes | S55: 2 | T55: https://drive.google.com/open?id=17lNYjkDWnol42GWBmj5YC-u0HAsQxqvd | V55: Yes | X55: https://drive.google.com/open?id=1If0V9omA2oboWM3WEWkaC2iYLZ6fOm-F | Y55: The evangelism went well
A56: 45830.557 | B56: oniyiderebecca17@gmail.com | C56: June | D56: Week 3 | E56: Oniyide Rebecca | F56: University of Ilesa, Osun State | G56: 5 | H56: It's edifying | I56: Yes | J56: Each gift has its own function, each as its own work. we have been called with different function at different places. | K56: No | L56: Each gift has its own function, each as its own work. we have been called with different function at different places. | M56: https://drive.google.com/open?id=1Y-XRU6LwLSWktUI6RCCT1BeoOZ9N2FCY | N56: No | O56: God will provide | P56: Not Yet | R56: Yes | S56: 3 | T56: https://drive.google.com/open?id=1SVzQo8eKGkCMEAg4LWXsZjyiBaSNgQ14 | V56: Yes | X56: https://drive.google.com/open?id=1I_az5QShGnUbkhvSgu2QwKwegznmw4nx | Y56: God is our strength
A57: 45839.422 | B57: akerewusioluwadamilare@gmail.com | C57: June | D57: Week 1 | E57: Akerewusi Oluwadamilare Adekusibe | F57: University of Ilesa, Osun State | G57: 5 | H57: Helpful. | I57: Yes | J57: Part of what I learned is that God rewards base on ministry. The work will do in ministry is to preach Jesus Christ and expanding His kingdom on earth. We don't own ourselves. We're co-labourers with God because the owner of the worker is God. | K57: Yes | L57: You will be rewarded according to your labour. | M57: https://drive.google.com/open?id=1vOULGyiut7r8HWW4G4GfIt8k7LVzxym8, https://drive.google.com/open?id=1o7osUmUsR0uLDgoO2hgP8BjkyKZt5kRp, https://drive.google.com/open?id=1q9YWPadYW-cN4cnmhQenOOKjgO7LyH5w, https://drive.google.com/open?id=1OgOoGjvoKuUfwsRnhsVncoAuh9gIRkIm | N57: Yes | P57: Yes | R57: Yes | T57: https://drive.google.com/open?id=1ubEAjssn2IUdrSjf-ojbITIp2zaZoAOP | V57: Yes | X57: https://drive.google.com/open?id=1TaJkZfr6TceC3DdnPAvCxxYB3t_eGhB4
A58: 45839.431 | B58: akerewusioluwadamilare@gmail.com | C58: June | D58: Week 2 | E58: Akerewusi Oluwadamilare Adekusibe | F58: University of Ilesa, Osun State | G58: 5 | H58: Helpful | I58: Yes | J58: I learned that, the scripture has the final say over our lives. As soldiers for Christ, we're to serving till will finish our assignments on this earth. God doesn't want any of His soldiers to die young. I learned that Ministry Gift are giving to do ministry. It's for the establishment of the body of Christ. I learned that every believer has been given the ministry of reconciliation. I also learned that, ministry is not for competition or comparison rather to be cooperative and complementary. Also our talent is to complete our ministries. Talent is for both believers and unbelievers while ministry gifts are for only believers. | K58: Yes | L58: Everything. | M58: https://drive.google.com/open?id=1tB4pmSEq0dvhTdwA-s_myxsYMvFHbHHW, https://drive.google.com/open?id=1UFEI8I3AjAy4TXWbi1Bgdsb-6GjYQSKt | N58: Yes | P58: Yes | R58: Yes | T58: https://drive.google.com/open?id=1GLVU9WZiMgO4vpC2J_cU4RkEdGE1eRcf | V58: Yes | X58: https://drive.google.com/open?id=1UPGEek_iEcyPucVgct1iRqdXaBsZU2qU
A59: 45839.457 | B59: akerewusioluwadamilare@gmail.com | C59: June | D59: Week 3 | E59: Akerewusi Oluwadamilare Adekusibe | F59: University of Ilesa, Osun State | G59: 5 | H59: Helpful | I59: Yes | J59: I learned God distributed all the ministry gifts as he will. The operation and administration of the ministry gifts are in different ways. Stay in your lane. Don't judge other ministry or people | K59: Yes | L59: Everything | M59: https://drive.google.com/open?id=1ZeeoX1kp_o3W0f25PXutp2hSxdoUAQV2 | N59: Yes | P59: Yes | R59: Yes | T59: https://drive.google.com/open?id=14Y_8hIC60rGjK4UASJK9y-Js1pB5Zywq | V59: Yes | X59: https://drive.google.com/open?id=1dgmzwvjCH-H1rninG086g6DP4_PSPH3T
A60: 45839.463 | B60: akinleyeayomidedeborah@gmail.com | C60: June | D60: Week 1 | E60: Akinleye Ayomide Deborah | F60: Health Tech Bolorunduro, Ilesa, Osun State | G60: 6 | H60: Improve me spiritually | I60: No | J60: Don't attend | K60: No | L60: Don't attend | M60: https://drive.google.com/open?id=1qd7napHKQuY3ErhZY0bVn2VB51q9Wffb | N60: No | O60: I'm on leave | P60: Yes | Q60: Inspired me to no more of Christ | R60: No | S60: Don't attend | T60: https://drive.google.com/open?id=1U4umbxoXBPb0eIYYrV4J2c3P4ynRvJwg | V60: No | X60: https://drive.google.com/open?id=1XpO_PBOKDITDxD7dKZL9DsNHP4rxggyo
A61: 45839.473 | B61: akinleyeayomidedeborah@gmail.com | C61: June | D61: Week 2 | E61: Akinleye Ayomide Deborah | F61: Health Tech Bolorunduro, Ilesa, Osun State | G61: 4 | H61: Improve my spiritual relationship with God | I61: Yes | J61: Every ministry gift carry anointing, and the anointing on you is the oil to make the work effectiveness and for the ease | K61: Yes | L61: In the ministry we serve until our assignment is finish | M61: https://drive.google.com/open?id=1HhoC4cEcJPJ0lN-n_14yJY73NTFBGsmd, https://drive.google.com/open?id=19ZxaXyoSM16nX7ivdIo0l6tFiurq5OsR | N61: No | P61: Yes | Q61: Inspired me to know more of Christ | R61: No | S61: Don't attend | T61: https://drive.google.com/open?id=1ZM_dkJ5PCISNpfBBVMPXi6DGddeEhxuz | V61: No | X61: https://drive.google.com/open?id=1jfEipEh7hy8qXtP4OnllKjZ7O13hv0Ip
A62: 45839.482 | B62: akinleyeayomidedeborah@gmail.com | C62: June | D62: Week 4 | E62: Akinleye Ayomide Deborah | F62: Health Tech Bolorunduro, Ilesa, Osun State | G62: 6 | H62: Improve me spiritually | I62: Yes | J62: Spirit control temperament: Whatsoever bad is not from God, Temperament is one thing, God nature is another thing | K62: No | L62: How we balance temperament: It is through personality and nature of God The spirit and the word will not override our temperament but will put our temperament where it should be | M62: https://drive.google.com/open?id=1pGAdnzXvphjfJebv5Q6Ge-Ea3C5r-q9s | N62: No | O62: Not yet | P62: Not Yet | Q62: Not yet | R62: No | S62: Don't attend | T62: https://drive.google.com/open?id=1ySXAfQdG-nnI5swVwXhD2fNfGiDHcZBS | V62: No | W62: Not yet | X62: https://drive.google.com/open?id=1DPuOUP4QD7z9VkLSrofNqcRcXR_ZrKxr
A63: 45840.412 | B63: faremolamotunrayoe@gmail.com | C63: June | D63: Week 1 | E63: Akerewusi Motunrayo | F63: University of Ilesa, Osun State | G63: 5 | H63: Very helpful | I63: Yes | J63: Ministry is not for competition but to complement | K63: Yes | L63: Enlightened | M63: https://drive.google.com/open?id=1ttjycPZWeO-wmcriV1wYtUSkYC6Iymio | N63: Yes | O63: None | P63: Yes | Q63: To be conscious of my reality | R63: No | T63: https://drive.google.com/open?id=17yvtCzv8589HDw4HDddIOCmSpDvBSiXV | V63: Yes | X63: https://drive.google.com/open?id=178hO92jlvbEyl9VuUeEZwehoHlPtDdKp
A64: 45840.481 | B64: faremolamotunrayoe@gmail.com | C64: June | D64: Week 2 | E64: Akerewusi Motunrayo | F64: University of Ilesa, Osun State | G64: 5 | H64: To be more prayer conscious | I64: No | J64: Nothing | K64: No | L64: Impactful | M64: https://drive.google.com/open?id=1R1xo_lMTzH4E4_p1WP2wuE2v7TIthslj | N64: Yes | P64: Not Yet | R64: No | S64: None | T64: https://drive.google.com/open?id=12wk7PXoHe6IKNARpp0DOdy1pi_LZYIQJ | V64: Yes | W64: None | X64: https://drive.google.com/open?id=1_xby2WvSNBFRMykoO16v55FGQG-kBoiQ
A65: 45840.52 | B65: faremolamotunrayoe@gmail.com | C65: June | D65: Week 3 | E65: Akerewusi Motunrayo | F65: University of Ilesa, Osun State | G65: 5 | H65: It inspires me to pray | I65: Yes | J65: Ministry is to serve | K65: No | L65: Ministry is not competitive but complementary and cooperative | M65: https://drive.google.com/open?id=1GYTgsZm70dAZg6PwsuFHcSGNs6sRku0a | N65: Yes | O65: None | P65: Yes | Q65: It inspired me to live godly | R65: Yes | S65: 2 | T65: https://drive.google.com/open?id=1fhHCD00Zc1cub9z5lHHg9BWLFLdTopoM | V65: Yes | W65: None | X65: https://drive.google.com/open?id=14Uhvq_CLbzB7ihnmOH6OZbgK4ggPqL_A
A66: 45840.679 | B66: olaremiabiola@gmail.com | C66: June | D66: Week 1 | E66: Veronica Olaremi Abiola | F66: Headquarters, Egbe-Idi, Ilesa, Osun State | G66: 6 | H66: Made my prayer life more stable | I66: Yes | J66: We were taught about ministry and I learned that everyone one of us has a ministry | K66: Yes | L66: We were taught about ministry and I learned that everyone one of us has a ministry | M66: https://drive.google.com/open?id=1qnxu9j6bGFhCRX286PiMFMyZr6BIWlKE | N66: No | O66: Financial Constraint | P66: Yes | Q66: Got more enlightenment and understanding concerning some topics | R66: No | T66: https://drive.google.com/open?id=1GX0L3hQQhK-KSYDT9t6djVNsKF-6agm6 | V66: No | X66: https://drive.google.com/open?id=15ebw42I9xuvUmAovA01gCh0Cnumn-xR0
A67: 45840.684 | B67: olaremiabiola@gmail.com | C67: June | D67: Week 2 | E67: Veronica Olaremi Abiola | F67: Headquarters, Egbe-Idi, Ilesa, Osun State | G67: 6 | H67: it has helped strengthen my prayer life | I67: Yes | J67: Your ministry is what you would be rewarded for | K67: Yes | L67: The purpose of ministry is to do the work of Godd and the reason for this is for the maturity of the saints | M67: https://drive.google.com/open?id=1JptGCsAADL4-WNAtRSsswHrqeKdpDp7V | N67: No | O67: Financial constraint | P67: Yes | Q67: Got more enlightenment and understanding concerning some topics | R67: No | T67: https://drive.google.com/open?id=1X91QnzIUXyDzy-9k1l40VuY4ZlmVfjcR | V67: No | X67: https://drive.google.com/open?id=1JhalIcOnGiwySXLCPWXG5Z5MFXrVYQ0j
A68: 45840.692 | B68: olaremiabiola@gmail.com | C68: June | D68: Week 3 | E68: Veronica Olaremi Abiola | F68: Headquarters, Egbe-Idi, Ilesa, Osun State | G68: 6 | H68: it has helped strengthen my prayer life | I68: Yes | J68: The difference between talent and ministry gifts is that you can commercialize talent but not ministry gifts | K68: Yes | L68: We are meant to use our talents to meet our needs. The bottom line is we do everything to glorify God and not the way the world does it | M68: https://drive.google.com/open?id=1k-ot9SEy_G9y4hRQTYp4-Eux_5UQgkMa | N68: No | O68: Financial constraint | P68: Yes | Q68: Got more enlightenment and understanding concerning some topics | R68: No | T68: https://drive.google.com/open?id=1T0l02ZAAptvu1WkFGOU0oXjkvNYcy5yI | V68: No | X68: https://drive.google.com/open?id=11bjiTvjWdGK31aXnu6rxDYWV8f9ZkszP
A69: 45840.695 | B69: olaremiabiola@gmail.com | C69: June | D69: Week 4 | E69: Veronica Olaremi Abiola | F69: Headquarters, Egbe-Idi, Ilesa, Osun State | G69: 6 | H69: it has helped strengthen my prayer life | I69: Yes | J69: You have all you need to effectively function in your office | K69: Yes | L69: When God sends, he backs up | M69: https://drive.google.com/open?id=1gsIkUf-d0rjK5ltp3B98sjpK8r464ZDj | N69: No | O69: Financial constraint | P69: Yes | Q69: Got more enlightenment and understanding concerning some topics | R69: No | T69: https://drive.google.com/open?id=1-RMox1q-qxosU_CuoXZMZhk9U1wCNrt5 | V69: No | X69: https://drive.google.com/open?id=1lQpCpf7bzLn_ilxLh2d6nQZ2v9YdTmtF
A70: 45840.699 | B70: olaremiabiola@gmail.com | C70: June | D70: Week 5 | E70: Veronica Olaremi Abiola | F70: Headquarters, Egbe-Idi, Ilesa, Osun State | G70: 6 | H70: it has helped strengthen my prayer life | I70: No | J70: Did not attend because I was sick | K70: Yes | L70: I was sick | M70: https://drive.google.com/open?id=18jZpRFxIa7s56FQzt-IeBJeMwMhQsYBJ | N70: No | O70: Financial constraint | P70: Yes | Q70: Got more enlightenment and understanding concerning some topics | R70: No | T70: https://drive.google.com/open?id=1X-6GHXHXqxrUfWMPoCfegY68HVmL7rz7 | V70: No | X70: https://drive.google.com/open?id=1Gft2lfQ54W31cxY2nTcKSUFx_Hr2kqBC
A71: 45842.731 | B71: oyewumimary99@gmail.com | C71: June | D71: Week 1 | E71: Oyewumi Mary Abosede | F71: University of Ilesa, Osun State | G71: 5 | H71: It help me to have a consistent prayer life | I71: Yes | J71: Ministry is what define me. My friendship, relationship where am to stay and the kind of partner am to have. | K71: No | L71: Ministry is not competitive but cooperative and complementary | M71: https://drive.google.com/open?id=1-MLlNNxO8-04YLzT4rIoYCNIPvOBWJS1 | N71: No | O71: Am very rich at the moment | P71: Yes | Q71: It's has help me to know that if I practice self righteousness it mean am frustrating the grace of God | R71: Yes | S71: 1 | T71: https://drive.google.com/open?id=1JKJ6ShtVebzw6wFN4sQnfq4I01-Y1VPx | U71: None | V71: Yes | X71: https://drive.google.com/open?id=1OUjt9iS4l7VWd7FlUIZKEK2_aaybc-O0 | Y71: None
A72: 45843.863 | B72: oyewumimary99@gmail.com | C72: June | D72: Week 2 | E72: Abosede Mary Oyewumi | F72: University of Ilesa, Osun State | G72: 2 | H72: It has helped me to have a consistent prayer life | I72: No | J72: No | K72: No | L72: No | M72: https://drive.google.com/open?id=1OlfDi9Po6pno75CeBej59NFUAGXCfK1X | N72: No | O72: I don't have much yet | P72: Yes | Q72: Have learned that nothing save a man except the Grace of God | R72: Yes | S72: 1 | T72: https://drive.google.com/open?id=1miB_9KhOXtSHNaqSTI2qvQaaF8Ix_nWU | V72: Yes | W72: 1 | X72: https://drive.google.com/open?id=1Osed_MxswazfmwSuU4-Z-2Dy7I419Kab
A73: 45843.877 | B73: oyewumimary99@gmail.com | C73: June | D73: Week 3 | E73: Oyewumi Mary Abosede | F73: University of Ilesa, Osun State | G73: 5 | H73: It has helped me to have a dedicated time to prayer | I73: Yes | J73: There's anointing for each ministries | K73: No | L73: God has given me grace according to my ministry. So I should walk in my own lane | M73: https://drive.google.com/open?id=1aFw7-88d4Qk3cXwFh61zuL_kALBgKVSq | N73: No | O73: I am very rich at the moment | P73: Not Yet | R73: Yes | S73: None | T73: https://drive.google.com/open?id=1rpTrTHnl9i7IQWaG_UnogRkAglWkARf- | V73: Yes | X73: https://drive.google.com/open?id=1J8bPYs7US39tfqxdDMONTAqG0ZddrHzn
A74: 45843.885 | B74: oyewumimary99@gmail.com | C74: June | D74: Week 4 | E74: Oyewumi Mary Abosede | F74: University of Ilesa, Osun State | G74: 4 | H74: It's has help me to have a consistent | I74: No | J74: None | K74: No | L74: None | M74: https://drive.google.com/open?id=1ik69MgFba974jqzV7kYwO8Fvi9K4MoxV | N74: No | O74: Amen very rich at the moment | P74: Not Yet | R74: Yes | S74: None | T74: https://drive.google.com/open?id=1X7jLIxoOfazSQtw5HCmxsRGyqeA1f_NE | V74: Yes | X74: https://drive.google.com/open?id=1CKIIli_0mfE-PFvWRnrnNlHmuGSzOwS1
A75: 45920.859 | B75: lorleybee@gmail.com | C75: September | D75: Week 3 | E75: Asp Durodola Ololade | F75: Headquarters, Egbe-Idi, Ilesa, Osun State | G75: 2 | H75: To pray for others | I75: Yes | J75: Rest does not mean inactivity, it simply means spirit directed activity. | K75: Yes | L75: Grace is not laziness | M75: https://drive.google.com/open?id=1gq_-KFs3hCa6QF4JLaMtJiPhWgJIPgWR | N75: No | O75: A lot of constraints | P75: Yes | Q75: Encouraging | R75: No | T75: https://drive.google.com/open?id=1I7paP-SZQOuOWvfq2j2fBjH45HWzseVK | V75: No | X75: https://drive.google.com/open?id=1sdWvnWAvISFlhO7749r2zwQjxjlOFWbX
A76: 45921.544 | B76: owolabimary2208@gmail.com | C76: September | D76: Week 3 | E76: Owolabi Mary | F76: Health Tech Bolorunduro, Ilesa, Osun State | G76: 3 | H76: It help to be conscious of prayer | I76: Yes | J76: Jesus is the needed help that men have been looking for. | K76: Yes | L76: That God is close to me more than I can ever imagine. | M76: https://drive.google.com/open?id=1PTo2iP_apn_C-g_7jC1Dwt80CuxC8JCe | N76: No | O76: God is helping me | P76: Yes | Q76: I'm not full and complete in Christ. There is place for addition. | R76: Yes | S76: 1 | T76: https://drive.google.com/open?id=1IH4xOldsCJQMyG_x79E6sVMnYj_Rbdbk | V76: Yes | X76: https://drive.google.com/open?id=1b6PUdjQx34nVYdDQssJmCA5mFWNAncfr
A77: 45921.579 | B77: Adetumiadefokun@gmail.com | C77: September | D77: Week 2 | E77: Adefokun Adetumi | F77: Headquarters, Egbe-Idi, Ilesa, Osun State | G77: 5 | H77: Helps me to pray more | I77: Yes | J77: A man who understands prayer knows that he needs prayer | K77: Yes | L77: The teaching time | M77: https://drive.google.com/open?id=1aW4IFQlmNNw_k9Y7-yTzQBf8whsSBE7f | N77: No | O77: God is helping me | P77: Yes | Q77: The spiritual blessing spill to the physical | R77: No | T77: https://drive.google.com/open?id=1PIvRVgtt3l5OV133QghYAswU3Ewr1vZ8 | V77: No | W77: The are on holiday⁸ | X77: https://drive.google.com/open?id=15Siq7Kl-ybm44zYOKqL9z9WaufxjV62j
A78: 45928.538 | B78: akerewusioluwadamilare@gmail.com | C78: September | D78: Week 4 | E78: Akerewusi Oluwadamilare | F78: University of Ilesa, Osun State | G78: 1 | H78: Impactful | I78: Yes | J78: We're finished work of God. Nothing is missing in us as believers. We have received everything that made God. | K78: Yes | L78: Everything is impactful. | M78: https://drive.google.com/open?id=1HXMnIScMFQfoWlImcGHdy60pHr8ra_Ix | N78: Yes | P78: Yes | R78: Yes | T78: https://drive.google.com/open?id=1eZcf2MsFbJjrD0NLNKLCEHip2IdL1iRP | V78: Yes | X78: https://drive.google.com/open?id=1guaWmejs0kfcBeaIS5fZagVNQ8zToB32
A79: 45928.538 | B79: faremolamotunrayoe@gmail.com | C79: September | D79: Week 4 | E79: Akerewusi Motunrayo | F79: University of Ilesa, Osun State | G79: 6 | H79: Helpful | I79: Yes | J79: The holy Spirit is the help of God for me | K79: Yes | L79: Very helpful | M79: https://drive.google.com/open?id=1q8h4i0gAWm-g9O7wIyNfr5gXuvgv42tF | N79: Yes | O79: None | P79: Yes | Q79: It has really helped me | R79: No | S79: None | T79: https://drive.google.com/open?id=1wAehiQ8cybCo0bgSFru0pP9nY45pFBi3 | U79: None | V79: No | W79: Nothing | X79: https://drive.google.com/open?id=1e8yaPI-YWSdPD9weHCjE-T9bb_x9-loz
A80: 45928.54 | B80: tumininujoyce1@gmail.com | C80: September | D80: Week 4 | E80: O. J Arigbede Esq | F80: Headquarters, Egbe-Idi, Ilesa, Osun State | G80: 2 | H80: Positively | I80: No | J80: None | K80: No | L80: None | M80: https://drive.google.com/open?id=1Z-CfQf1wjXDbBHGl0TcZ9oAiVaxpkkaF | N80: No | P80: Not Yet | R80: No | T80: https://drive.google.com/open?id=1yh0eLCb8fA7fi2cRCiWvx2KfEfDoob43 | V80: No | X80: https://drive.google.com/open?id=1XWrxjMltiyUCfTG5lmChL26sZjf8e_m9
A81: 45928.558 | B81: oyewumimary99@gmail.com | C81: September | D81: Week 3 | E81: Oyewumi Mary Abosede | F81: University of Ilesa, Osun State | G81: 4 | H81: It has help me to have a consistent prayer life | I81: No | J81: I didn't attend | K81: Yes | L81: I wasn't there | M81: https://drive.google.com/open?id=1CcrCu4-fRtLZxs62a6_V4l2MvsQZgp-P | N81: No | O81: I don't have much | P81: Yes | Q81: It has help me to know that I am a finished work of Christ. No addition and no subtraction. | R81: No | S81: None | T81: https://drive.google.com/open?id=1bGPhTYqhRUIwS7PITuv3GSwu3Y_ps_YP | V81: No | W81: She's not around | X81: https://drive.google.com/open?id=1q-67nOsQpX0X9zDJYbrhmQEydCVWQmGZ
A82: 45928.569 | B82: owolabimary2208@gmail.com | C82: September | D82: Week 4 | E82: Owolabi Mary Blessing | F82: Health Tech Bolorunduro, Ilesa, Osun State | G82: 3 | H82: It help me to set my mind on the things above. | I82: Yes | J82: We've the fullness of God in us but we grow into it. | K82: Yes | L82: We've the fullness of God in us but we grow into it. | M82: https://drive.google.com/open?id=1FCvKTm9Em0DPZzwiIA6TAhZ7L1GetiVJ | N82: No | O82: I'm expecting money. | P82: Yes | Q82: It help me to understand who I am in Christ. | R82: Yes | S82: 1 | T82: https://drive.google.com/open?id=1OK5ldx3T0Bl6YElSYi1R3Oz-r5rYxx1m | V82: Yes | X82: https://drive.google.com/open?id=1jReabQmA4UOh17vOFx2kwa12jHgk6YVw
A83: 45928.57 | B83: oyewumimary99@gmail.com | C83: September | D83: Week 4 | E83: Oyewumi Mary Abosede | F83: University of Ilesa, Osun State | G83: 5 | H83: It has help me to have a consistent prayer life | I83: No | J83: No | K83: Yes | L83: No | M83: https://drive.google.com/open?id=1HPj-iUFLVv98LUSvmuLQ3l3a55ltb4kV | N83: No | O83: I don't have yet | P83: Yes | Q83: It has help me to lay hold on what God has done through Christ instead of thinking of what Satan is doing | R83: No | S83: Die to work | T83: https://drive.google.com/open?id=1urS44JSAQrNIy0rhoNLew3g5qVzGlf-X | U83: None | V83: No | W83: She's not around | X83: https://drive.google.com/open?id=1qqsDVdj2Jk1gbGYmWDTfYL-04tuJy3or | Y83: None
A84: 45928.578 | B84: lorleybee@gmail.com | C84: September | D84: Week 4 | E84: Durodola Ololade | F84: Headquarters, Egbe-Idi, Ilesa, Osun State | G84: 2 | H84: Positively | I84: Yes | J84: The fullness in Christ is the grace of God | K84: Yes | L84: We received strength in the place of prayer | M84: https://drive.google.com/open?id=1nk_uVdE8Qkb41D0g075VddL46yadhvRF | N84: No | O84: I'm expecting sales | P84: Yes | R84: No | T84: https://drive.google.com/open?id=1XfVuBokpEx4zjZm115OrafqMankv6C7W | V84: Yes | X84: https://drive.google.com/open?id=16tdQMu3V5i1dBHpmE58XiNiQSCrhl7_s
A85: 45949.37 | B85: akerewusioluwadamilare@gmail.com | C85: October | D85: Week 3 | E85: Akerewusi Oluwadamilare Adekusibe | F85: University of Ilesa, Osun State | G85: 4 | H85: Helpful | I85: Yes | J85: Knowledge is key in expressing the fullness of God. Therefore I must give myself to the word of God. | K85: Yes | L85: When you're rooted in the knowledge of God's word it helps you in expressing who you're as you ought to. | M85: https://drive.google.com/open?id=1nlZvL-cNl2jUMVd8bXrk0tnCFzc_Oi49, https://drive.google.com/open?id=1GdtC4xwew7wciAYVLdBFqGxHfzcvDdAC | N85: No | O85: Nothing. I will do the needful before the month runs out. | P85: Not Yet | R85: No | T85: https://drive.google.com/open?id=10Y1xtbk3n5bjfwTnfc8CfH4BSW6XRg2B | V85: Yes | X85: https://drive.google.com/open?id=1xYqwf-tOTfk2SepjbC-w_6OILvtIb5He
A86: 45970.552 | B86: tumininujoyce1@gmail.com | C86: November | D86: Week 2 | E86: O. J Arigbede Esq | F86: Headquarters, Egbe-Idi, Ilesa, Osun State | G86: 4 | H86: Strengthening | I86: No | J86: Discipline refers to self control or control of one’s behavior, resisting temptations and obedience to rules. | K86: Yes | L86: You need to put rules/ standards in place in writing, so that you can remain discipline | M86: https://drive.google.com/open?id=11WJvOcmh1K0v656LOlI8i85FR9oZUQ9I | N86: No | O86: No financial capacity for now. | P86: Yes | Q86: We are born of God therefore we are his own, we belong to him and him alone l | R86: No | S86: None | T86: https://drive.google.com/open?id=17zJcnne2ChFMNtNSi2ERRDslInpoXsFp | U86: None | V86: No | W86: I don’t have any | X86: https://drive.google.com/open?id=1XDnpd_CTbL8m4Rsrh7VXppIrIk52Tk6G | Y86: None
A87: 45970.555 | B87: faremolamotunrayoe@gmail.com | C87: November | D87: Week 1 | E87: Akerewusi Motunrayo Elizabeth | F87: University of Ilesa, Osun State | G87: 6 | H87: Very helpful | I87: Yes | J87: Discipline means self control | K87: Yes | L87: God discipline us so that he can save us from ourselves | M87: https://drive.google.com/open?id=1kY_mr1e32gK6mJuB2eVhS8DpPlhKWw0C | N87: Yes | O87: None | P87: Yes | Q87: Very helpful | R87: Yes | S87: 3 | T87: https://drive.google.com/open?id=10Tub0Qu8GVBbCGTHkW2C7coE3VpvQMa8 | U87: None | V87: Yes | W87: None | X87: https://drive.google.com/open?id=1XbAt3oPqtzr0qukLH92U1xZaYUOZL-8a | Y87: None
A88: 45970.572 | B88: akinleyeayomidedeborah@gmail.com | C88: November | D88: Week 1 | E88: Akinleye Ayomide Deborah | F88: Health Tech Bolorunduro, Ilesa, Osun State | G88: 6 | H88: Yes | I88: No | J88: I don't attend | K88: Yes | L88: I don't attend | M88: https://drive.google.com/open?id=1EvyAIuX14d5woH4yAukljXkmcRDVBdkj | N88: No | O88: No | P88: Not Yet | Q88: Not yet | R88: No | S88: No | T88: https://drive.google.com/open?id=1dcEobBxwFGL4SEYee22qXb_5TW_kbf54 | V88: Yes | X88: https://drive.google.com/open?id=1Ey9Jk_Rc17soQ4y5ajRMB-2KHHTvjozK
A89: 45970.593 | B89: owolabimary2208@gmail.com | C89: November | D89: Week 2 | E89: Mary Blessing Owolabi | F89: Health Tech Bolorunduro, Ilesa, Osun State | G89: 4 | H89: Helping me have a consistent prayer life | I89: Yes | J89: I don't have the capacity of myself to do right. | K89: Yes | L89: Rightness is in our spirit | M89: https://drive.google.com/open?id=1NkWO6flpFRcWgtaM52gR1bGv03RumhfK | N89: No | P89: Yes | Q89: Listening to the word of His grace help me to be conscious of my true identity in Christ | R89: Yes | S89: 2 | T89: https://drive.google.com/open?id=1r_LKYQTYBMdTYnZfTilIA11aDHHX8eeW | V89: Yes | X89: https://drive.google.com/open?id=1cPiBYGqPGBx-5rlOkcSYg5y17XOq_KFd
A90: 45970.61 | B90: akerewusioluwadamilare@gmail.com | C90: November | D90: Week 1 | E90: Akerewusi Oluwadamilare Adekusibe | F90: University of Ilesa, Osun State | G90: 4 | H90: Helpful | I90: Yes | J90: Discipline help us so that we might share in God's holiness. | K90: Yes | L90: Discipline is training. Training is key in our lives. It's something that we must take seriously. It requires our intentionality. | M90: https://drive.google.com/open?id=1XR9Vkp_wxiQuxG4uL67PnB9SiSUcMNW6, https://drive.google.com/open?id=1b_66J0T7BEZu7cRvdnyBI43Nkbesc8fK | N90: Yes | P90: Not Yet | R90: Yes | T90: https://drive.google.com/open?id=1097GDgimFu1Bfo2lkZiOPrzZbFcJgw8X | V90: Yes | X90: https://drive.google.com/open?id=1lEXU6IvnKUT5MhxFsnV1GpZsGyA2iq65
A91: 45970.639 | B91: lorleybee@gmail.com | C91: November | D91: Week 2 | E91: Pastor Ololade | F91: Headquarters, Egbe-Idi, Ilesa, Osun State | G91: 3 | H91: Positively | I91: Yes | J91: Discipline refers to self control | K91: Yes | L91: The flesh and spirit wants to rule but the spirit is where rightness is | M91: https://drive.google.com/open?id=1vxQV0w_u1arhj_BE71I6_yVs79Q6a1VB | N91: No | O91: Finance | P91: Not Yet | R91: Yes | S91: 4 | T91: https://drive.google.com/open?id=1q0wC0K9VTDtjnEZDdo5o5czXq6TUwgr8 | V91: Yes | X91: https://drive.google.com/open?id=1MPpcHKHnaXsO_DXIJ-HwqCmrj2NR2FcW
A92: 45970.642 | B92: oyewumimary99@gmail.com | C92: November | D92: Week 1 | E92: Oyewumi Mary Abosede | F92: University of Ilesa, Osun State | G92: 3 | H92: It has help me to have consistent prayer life | I92: No | J92: I wasn't around | K92: No | L92: Not around | M92: https://drive.google.com/open?id=1S6VrFH2Q6eOxW7qR87ycHk62Ue41Ksh1 | N92: Yes | P92: Not Yet | Q92: I will listen today | R92: No | S92: None | T92: https://drive.google.com/open?id=1oPfh4kogCWPc9w8YuCIT8bzkaCiDCZh1 | U92: None | V92: No | W92: She travelled | X92: https://drive.google.com/open?id=1F-uDxkQuz16KCLnq3-0i-5NUSUmvWG88
A93: 45970.644 | B93: adetumiadefokun@gmail.com | C93: November | D93: Week 2 | E93: Adefokun Adetumi Ebenezer | F93: Headquarters, Egbe-Idi, Ilesa, Osun State | G93: 6 | H93: Help me to pray better | I93: Yes | J93: That God want me to live in the spirit | K93: Yes | L93: The flesh want to his life and the spirit too but the spirit has the best life | M93: https://drive.google.com/open?id=1yWxdusD298rjLmZuI2h8Tok9GPDK-Pgj | N93: Yes | P93: Yes | Q93: My salvation is by grace not of works | R93: Yes | S93: 3 | T93: https://drive.google.com/open?id=1gzyNo1PdOVhYpdsmL3s25HWWOQNvgY_4 | V93: Yes | X93: https://drive.google.com/open?id=1zhg47HANLrbhUrw2q0ZlGRSCRcqnXRQ1 | Y93: Trusting God for their response

Sheet Individual Submission
A1: S/N | B1: Email Address | C1: Name | D1: Branch | E1: Jan | F1: Feb | G1: Mar | H1: Apr | I1: May | J1: Jun | K1: Jul | L1: Aug | M1: Sep | N1: Oct | O1: Nov | P1: Dec | Q1: Total per Worker
A2: 1 | B2: oniyiderebecca17@gmail.com | C2: =_xlfn.XLOOKUP($B2, MainDB[Email Address], MainDB[Worker''s Full Name],,0) -> Oniyide Rebecca | D2: =_xlfn.XLOOKUP($B2, MainDB[Email Address], MainDB[Branch],,0) -> University of Ilesa, Osun State | E2: =COUNTIFS(MainDB[Email Address],'Individual Submission'!$B2,MainDB[Month], "January") -> 1 | F2: =COUNTIFS(MainDB[Email Address],'Individual Submission'!$B2,MainDB[Month], "February") -> 0 | G2: =COUNTIFS(MainDB[Email Address],'Individual Submission'!$B2,MainDB[Month], "March") -> 4 | H2: =COUNTIFS(MainDB[Email Address],'Individual Submission'!$B2,MainDB[Month], "April") -> 0 | I2: =COUNTIFS(MainDB[Email Address],'Individual Submission'!$B2,MainDB[Month], "May") -> 0 | J2: =COUNTIFS(MainDB[Email Address],'Individual Submission'!$B2,MainDB[Month], "June") -> 2 | K2: =COUNTIFS(MainDB[Email Address],'Individual Submission'!$B2,MainDB[Month], "July") -> 0 | L2: =COUNTIFS(MainDB[Email Address],'Individual Submission'!$B2,MainDB[Month], "August") -> 0 | M2: =COUNTIFS(MainDB[Email Address],'Individual Submission'!$B2,MainDB[Month], "September") -> 0 | N2: =COUNTIFS(MainDB[Email Address],'Individual Submission'!$B2,MainDB[Month], "October") -> 0 | O2: =COUNTIFS(MainDB[Email Address],'Individual Submission'!$B2,MainDB[Month], "November") -> 0 | P2: =COUNTIFS(MainDB[Email Address],'Individual Submission'!$B2,MainDB[Month], "December") -> 0 | Q2: =SUM(E2:P2) -> 7
A3: 2 | B3: adetumiadefokun@gmail.com | C3: =_xlfn.XLOOKUP($B3, MainDB[Email Address], MainDB[Worker''s Full Name],,0) -> Adefokun Adetumi Ebenezer | D3: =_xlfn.XLOOKUP($B3, MainDB[Email Address], MainDB[Branch],,0) -> Ipetu-Ijesha, Osun State | E3: =COUNTIFS(MainDB[Email Address],'Individual Submission'!$B3,MainDB[Month], "January") -> 1 | F3: =COUNTIFS(MainDB[Email Address],'Individual Submission'!$B3,MainDB[Month], "February") -> 0 | G3: =COUNTIFS(MainDB[Email Address],'Individual Submission'!$B3,MainDB[Month], "March") -> 1 | H3: =COUNTIFS(MainDB[Email Address],'Individual Submission'!$B3,MainDB[Month], "April") -> 0 | I3: =COUNTIFS(MainDB[Email Address],'Individual Submission'!$B3,MainDB[Month], "May") -> 0 | J3: =COUNTIFS(MainDB[Email Address],'Individual Submission'!$B3,MainDB[Month], "June") -> 0 | K3: =COUNTIFS(MainDB[Email Address],'Individual Submission'!$B3,MainDB[Month], "July") -> 0 | L3: =COUNTIFS(MainDB[Email Address],'Individual Submission'!$B3,MainDB[Month], "August") -> 0 | M3: =COUNTIFS(MainDB[Email Address],'Individual Submission'!$B3,MainDB[Month], "September") -> 1 | N3: =COUNTIFS(MainDB[Email Address],'Individual Submission'!$B3,MainDB[Month], "October") -> 0 | O3: =COUNTIFS(MainDB[Email Address],'Individual Submission'!$B3,MainDB[Month], "November") -> 1 | P3: =COUNTIFS(MainDB[Email Address],'Individual Submission'!$B3,MainDB[Month], "December") -> 0 | Q3: =SUM(E3:P3) -> 4
A4: 3 | B4: akerewusioluwadamilare@gmail.com | C4: =_xlfn.XLOOKUP($B4, MainDB[Email Address], MainDB[Worker''s Full Name],,0) -> Akerewusi Oluwadamilare | D4: =_xlfn.XLOOKUP($B4, MainDB[Email Address], MainDB[Branch],,0) -> University of Ilesa, Osun State | E4: =COUNTIFS(MainDB[Email Address],'Individual Submission'!$B4,MainDB[Month], "January") -> 1 | F4: =COUNTIFS(MainDB[Email Address],'Individual Submission'!$B4,MainDB[Month], "February") -> 0 | G4: =COUNTIFS(MainDB[Email Address],'Individual Submission'!$B4,MainDB[Month], "March") -> 5 | H4: =COUNTIFS(MainDB[Email Address],'Individual Submission'!$B4,MainDB[Month], "April") -> 1 | I4: =COUNTIFS(MainDB[Email Address],'Individual Submission'!$B4,MainDB[Month], "May") -> 0 | J4: =COUNTIFS(MainDB[Email Address],'Individual Submission'!$B4,MainDB[Month], "June") -> 3 | K4: =COUNTIFS(MainDB[Email Address],'Individual Submission'!$B4,MainDB[Month], "July") -> 0 | L4: =COUNTIFS(MainDB[Email Address],'Individual Submission'!$B4,MainDB[Month], "August") -> 0 | M4: =COUNTIFS(MainDB[Email Address],'Individual Submission'!$B4,MainDB[Month], "September") -> 1 | N4: =COUNTIFS(MainDB[Email Address],'Individual Submission'!$B4,MainDB[Month], "October") -> 1 | O4: =COUNTIFS(MainDB[Email Address],'Individual Submission'!$B4,MainDB[Month], "November") -> 1 | P4: =COUNTIFS(MainDB[Email Address],'Individual Submission'!$B4,MainDB[Month], "December") -> 0 | Q4: =SUM(E4:P4) -> 13
A5: 4 | B5: akinleyeayomidedeborah@gmail.com | C5: =_xlfn.XLOOKUP($B5, MainDB[Email Address], MainDB[Worker''s Full Name],,0) -> Akinleye Ayomide Deborah | D5: =_xlfn.XLOOKUP($B5, MainDB[Email Address], MainDB[Branch],,0) -> Health Tech Bolorunduro, Ilesa, Osun State | E5: =COUNTIFS(MainDB[Email Address],'Individual Submission'!$B5,MainDB[Month], "January") -> 0 | F5: =COUNTIFS(MainDB[Email Address],'Individual Submission'!$B5,MainDB[Month], "February") -> 1 | G5: =COUNTIFS(MainDB[Email Address],'Individual Submission'!$B5,MainDB[Month], "March") -> 2 | H5: =COUNTIFS(MainDB[Email Address],'Individual Submission'!$B5,MainDB[Month], "April") -> 0 | I5: =COUNTIFS(MainDB[Email Address],'Individual Submission'!$B5,MainDB[Month], "May") -> 0 | J5: =COUNTIFS(MainDB[Email Address],'Individual Submission'!$B5,MainDB[Month], "June") -> 3 | K5: =COUNTIFS(MainDB[Email Address],'Individual Submission'!$B5,MainDB[Month], "July") -> 0 | L5: =COUNTIFS(MainDB[Email Address],'Individual Submission'!$B5,MainDB[Month], "August") -> 0 | M5: =COUNTIFS(MainDB[Email Address],'Individual Submission'!$B5,MainDB[Month], "September") -> 0 | N5: =COUNTIFS(MainDB[Email Address],'Individual Submission'!$B5,MainDB[Month], "October") -> 0 | O5: =COUNTIFS(MainDB[Email Address],'Individual Submission'!$B5,MainDB[Month], "November") -> 1 | P5: =COUNTIFS(MainDB[Email Address],'Individual Submission'!$B5,MainDB[Month], "December") -> 0 | Q5: =SUM(E5:P5) -> 7
A6: 5 | B6: lorleybee@gmail.com | C6: =_xlfn.XLOOKUP($B6, MainDB[Email Address], MainDB[Worker''s Full Name],,0) -> Durodola Ololade | D6: =_xlfn.XLOOKUP($B6, MainDB[Email Address], MainDB[Branch],,0) -> Esa-Oke, Osun State | E6: =COUNTIFS(MainDB[Email Address],'Individual Submission'!$B6,MainDB[Month], "January") -> 1 | F6: =COUNTIFS(MainDB[Email Address],'Individual Submission'!$B6,MainDB[Month], "February") -> 0 | G6: =COUNTIFS(MainDB[Email Address],'Individual Submission'!$B6,MainDB[Month], "March") -> 0 | H6: =COUNTIFS(MainDB[Email Address],'Individual Submission'!$B6,MainDB[Month], "April") -> 0 | I6: =COUNTIFS(MainDB[Email Address],'Individual Submission'!$B6,MainDB[Month], "May") -> 0 | J6: =COUNTIFS(MainDB[Email Address],'Individual Submission'!$B6,MainDB[Month], "June") -> 0 | K6: =COUNTIFS(MainDB[Email Address],'Individual Submission'!$B6,MainDB[Month], "July") -> 0 | L6: =COUNTIFS(MainDB[Email Address],'Individual Submission'!$B6,MainDB[Month], "August") -> 0 | M6: =COUNTIFS(MainDB[Email Address],'Individual Submission'!$B6,MainDB[Month], "September") -> 2 | N6: =COUNTIFS(MainDB[Email Address],'Individual Submission'!$B6,MainDB[Month], "October") -> 0 | O6: =COUNTIFS(MainDB[Email Address],'Individual Submission'!$B6,MainDB[Month], "November") -> 1 | P6: =COUNTIFS(MainDB[Email Address],'Individual Submission'!$B6,MainDB[Month], "December") -> 0 | Q6: =SUM(E6:P6) -> 4
A7: 6 | B7: ogundareolamideemmanuel@gmail.com | C7: =_xlfn.XLOOKUP($B7, MainDB[Email Address], MainDB[Worker''s Full Name],,0) -> Ogundare Olamide Emmanuel | D7: =_xlfn.XLOOKUP($B7, MainDB[Email Address], MainDB[Branch],,0) -> Headquarters, Egbe-Idi, Ilesa, Osun State | E7: =COUNTIFS(MainDB[Email Address],'Individual Submission'!$B7,MainDB[Month], "January") -> 1 | F7: =COUNTIFS(MainDB[Email Address],'Individual Submission'!$B7,MainDB[Month], "February") -> 1 | G7: =COUNTIFS(MainDB[Email Address],'Individual Submission'!$B7,MainDB[Month], "March") -> 0 | H7: =COUNTIFS(MainDB[Email Address],'Individual Submission'!$B7,MainDB[Month], "April") -> 0 | I7: =COUNTIFS(MainDB[Email Address],'Individual Submission'!$B7,MainDB[Month], "May") -> 0 | J7: =COUNTIFS(MainDB[Email Address],'Individual Submission'!$B7,MainDB[Month], "June") -> 0 | K7: =COUNTIFS(MainDB[Email Address],'Individual Submission'!$B7,MainDB[Month], "July") -> 0 | L7: =COUNTIFS(MainDB[Email Address],'Individual Submission'!$B7,MainDB[Month], "August") -> 0 | M7: =COUNTIFS(MainDB[Email Address],'Individual Submission'!$B7,MainDB[Month], "September") -> 0 | N7: =COUNTIFS(MainDB[Email Address],'Individual Submission'!$B7,MainDB[Month], "October") -> 0 | O7: =COUNTIFS(MainDB[Email Address],'Individual Submission'!$B7,MainDB[Month], "November") -> 0 | P7: =COUNTIFS(MainDB[Email Address],'Individual Submission'!$B7,MainDB[Month], "December") -> 0 | Q7: =SUM(E7:P7) -> 2
A8: 7 | B8: abattayo@gmail.com | C8: =_xlfn.XLOOKUP($B8, MainDB[Email Address], MainDB[Worker''s Full Name],,0) -> Abayomi Temitayo Ezekiel | D8: =_xlfn.XLOOKUP($B8, MainDB[Email Address], MainDB[Branch],,0) -> Health Tech Bolorunduro, Ilesa, Osun State | E8: =COUNTIFS(MainDB[Email Address],'Individual Submission'!$B8,MainDB[Month], "January") -> 0 | F8: =COUNTIFS(MainDB[Email Address],'Individual Submission'!$B8,MainDB[Month], "February") -> 1 | G8: =COUNTIFS(MainDB[Email Address],'Individual Submission'!$B8,MainDB[Month], "March") -> 3 | H8: =COUNTIFS(MainDB[Email Address],'Individual Submission'!$B8,MainDB[Month], "April") -> 0 | I8: =COUNTIFS(MainDB[Email Address],'Individual Submission'!$B8,MainDB[Month], "May") -> 0 | J8: =COUNTIFS(MainDB[Email Address],'Individual Submission'!$B8,MainDB[Month], "June") -> 1 | K8: =COUNTIFS(MainDB[Email Address],'Individual Submission'!$B8,MainDB[Month], "July") -> 0 | L8: =COUNTIFS(MainDB[Email Address],'Individual Submission'!$B8,MainDB[Month], "August") -> 0 | M8: =COUNTIFS(MainDB[Email Address],'Individual Submission'!$B8,MainDB[Month], "September") -> 0 | N8: =COUNTIFS(MainDB[Email Address],'Individual Submission'!$B8,MainDB[Month], "October") -> 0 | O8: =COUNTIFS(MainDB[Email Address],'Individual Submission'!$B8,MainDB[Month], "November") -> 0 | P8: =COUNTIFS(MainDB[Email Address],'Individual Submission'!$B8,MainDB[Month], "December") -> 0 | Q8: =SUM(E8:P8) -> 5
A9: 8 | B9: oyewumimary99@gmail.com | C9: =_xlfn.XLOOKUP($B9, MainDB[Email Address], MainDB[Worker''s Full Name],,0) -> Oyewumi Mary.A | D9: =_xlfn.XLOOKUP($B9, MainDB[Email Address], MainDB[Branch],,0) -> University of Ilesa, Osun State | E9: =COUNTIFS(MainDB[Email Address],'Individual Submission'!$B9,MainDB[Month], "January") -> 0 | F9: =COUNTIFS(MainDB[Email Address],'Individual Submission'!$B9,MainDB[Month], "February") -> 3 | G9: =COUNTIFS(MainDB[Email Address],'Individual Submission'!$B9,MainDB[Month], "March") -> 4 | H9: =COUNTIFS(MainDB[Email Address],'Individual Submission'!$B9,MainDB[Month], "April") -> 2 | I9: =COUNTIFS(MainDB[Email Address],'Individual Submission'!$B9,MainDB[Month], "May") -> 0 | J9: =COUNTIFS(MainDB[Email Address],'Individual Submission'!$B9,MainDB[Month], "June") -> 4 | K9: =COUNTIFS(MainDB[Email Address],'Individual Submission'!$B9,MainDB[Month], "July") -> 0 | L9: =COUNTIFS(MainDB[Email Address],'Individual Submission'!$B9,MainDB[Month], "August") -> 0 | M9: =COUNTIFS(MainDB[Email Address],'Individual Submission'!$B9,MainDB[Month], "September") -> 2 | N9: =COUNTIFS(MainDB[Email Address],'Individual Submission'!$B9,MainDB[Month], "October") -> 0 | O9: =COUNTIFS(MainDB[Email Address],'Individual Submission'!$B9,MainDB[Month], "November") -> 1 | P9: =COUNTIFS(MainDB[Email Address],'Individual Submission'!$B9,MainDB[Month], "December") -> 0 | Q9: =SUM(E9:P9) -> 16
A10: 9 | B10: arigbedeiyanuoluwa@gmail.com | C10: =_xlfn.XLOOKUP($B10, MainDB[Email Address], MainDB[Worker''s Full Name],,0) -> Arigbede Iyanuoluwa Testimony | D10: =_xlfn.XLOOKUP($B10, MainDB[Email Address], MainDB[Branch],,0) -> Esa-Oke, Osun State | E10: =COUNTIFS(MainDB[Email Address],'Individual Submission'!$B10,MainDB[Month], "January") -> 0 | F10: =COUNTIFS(MainDB[Email Address],'Individual Submission'!$B10,MainDB[Month], "February") -> 1 | G10: =COUNTIFS(MainDB[Email Address],'Individual Submission'!$B10,MainDB[Month], "March") -> 4 | H10: =COUNTIFS(MainDB[Email Address],'Individual Submission'!$B10,MainDB[Month], "April") -> 0 | I10: =COUNTIFS(MainDB[Email Address],'Individual Submission'!$B10,MainDB[Month], "May") -> 0 | J10: =COUNTIFS(MainDB[Email Address],'Individual Submission'!$B10,MainDB[Month], "June") -> 0 | K10: =COUNTIFS(MainDB[Email Address],'Individual Submission'!$B10,MainDB[Month], "July") -> 0 | L10: =COUNTIFS(MainDB[Email Address],'Individual Submission'!$B10,MainDB[Month], "August") -> 0 | M10: =COUNTIFS(MainDB[Email Address],'Individual Submission'!$B10,MainDB[Month], "September") -> 0 | N10: =COUNTIFS(MainDB[Email Address],'Individual Submission'!$B10,MainDB[Month], "October") -> 0 | O10: =COUNTIFS(MainDB[Email Address],'Individual Submission'!$B10,MainDB[Month], "November") -> 0 | P10: =COUNTIFS(MainDB[Email Address],'Individual Submission'!$B10,MainDB[Month], "December") -> 0 | Q10: =SUM(E10:P10) -> 5
A11: 10 | B11: tumininujoyce1@gmail.com | C11: =_xlfn.XLOOKUP($B11, MainDB[Email Address], MainDB[Worker''s Full Name],,0) -> O. J Arigbede Esq | D11: =_xlfn.XLOOKUP($B11, MainDB[Email Address], MainDB[Branch],,0) -> Headquarters, Egbe-Idi, Ilesa, Osun State | E11: =COUNTIFS(MainDB[Email Address],'Individual Submission'!$B11,MainDB[Month], "January") -> 0 | F11: =COUNTIFS(MainDB[Email Address],'Individual Submission'!$B11,MainDB[Month], "February") -> 0 | G11: =COUNTIFS(MainDB[Email Address],'Individual Submission'!$B11,MainDB[Month], "March") -> 1 | H11: =COUNTIFS(MainDB[Email Address],'Individual Submission'!$B11,MainDB[Month], "April") -> 0 | I11: =COUNTIFS(MainDB[Email Address],'Individual Submission'!$B11,MainDB[Month], "May") -> 0 | J11: =COUNTIFS(MainDB[Email Address],'Individual Submission'!$B11,MainDB[Month], "June") -> 1 | K11: =COUNTIFS(MainDB[Email Address],'Individual Submission'!$B11,MainDB[Month], "July") -> 0 | L11: =COUNTIFS(MainDB[Email Address],'Individual Submission'!$B11,MainDB[Month], "August") -> 0 | M11: =COUNTIFS(MainDB[Email Address],'Individual Submission'!$B11,MainDB[Month], "September") -> 1 | N11: =COUNTIFS(MainDB[Email Address],'Individual Submission'!$B11,MainDB[Month], "October") -> 0 | O11: =COUNTIFS(MainDB[Email Address],'Individual Submission'!$B11,MainDB[Month], "November") -> 1 | P11: =COUNTIFS(MainDB[Email Address],'Individual Submission'!$B11,MainDB[Month], "December") -> 0 | Q11: =SUM(E11:P11) -> 4
A12: 11 | B12: faremolamotunrayoe@gmail.com | C12: =_xlfn.XLOOKUP($B12, MainDB[Email Address], MainDB[Worker''s Full Name],,0) -> Akerewusi Motunrayo | D12: =_xlfn.XLOOKUP($B12, MainDB[Email Address], MainDB[Branch],,0) -> University of Ilesa, Osun State | E12: =COUNTIFS(MainDB[Email Address],'Individual Submission'!$B12,MainDB[Month], "January") -> 0 | F12: =COUNTIFS(MainDB[Email Address],'Individual Submission'!$B12,MainDB[Month], "February") -> 0 | G12: =COUNTIFS(MainDB[Email Address],'Individual Submission'!$B12,MainDB[Month], "March") -> 1 | H12: =COUNTIFS(MainDB[Email Address],'Individual Submission'!$B12,MainDB[Month], "April") -> 0 | I12: =COUNTIFS(MainDB[Email Address],'Individual Submission'!$B12,MainDB[Month], "May") -> 0 | J12: =COUNTIFS(MainDB[Email Address],'Individual Submission'!$B12,MainDB[Month], "June") -> 3 | K12: =COUNTIFS(MainDB[Email Address],'Individual Submission'!$B12,MainDB[Month], "July") -> 0 | L12: =COUNTIFS(MainDB[Email Address],'Individual Submission'!$B12,MainDB[Month], "August") -> 0 | M12: =COUNTIFS(MainDB[Email Address],'Individual Submission'!$B12,MainDB[Month], "September") -> 1 | N12: =COUNTIFS(MainDB[Email Address],'Individual Submission'!$B12,MainDB[Month], "October") -> 0 | O12: =COUNTIFS(MainDB[Email Address],'Individual Submission'!$B12,MainDB[Month], "November") -> 1 | P12: =COUNTIFS(MainDB[Email Address],'Individual Submission'!$B12,MainDB[Month], "December") -> 0 | Q12: =SUM(E12:P12) -> 6
A13: 12 | B13: olaremiabiola@gmail.com | C13: =_xlfn.XLOOKUP($B13, MainDB[Email Address], MainDB[Worker''s Full Name],,0) -> Veronica Abiola Iyabo | D13: =_xlfn.XLOOKUP($B13, MainDB[Email Address], MainDB[Branch],,0) -> University of Ilesa, Osun State | E13: =COUNTIFS(MainDB[Email Address],'Individual Submission'!$B13,MainDB[Month], "January") -> 0 | F13: =COUNTIFS(MainDB[Email Address],'Individual Submission'!$B13,MainDB[Month], "February") -> 0 | G13: =COUNTIFS(MainDB[Email Address],'Individual Submission'!$B13,MainDB[Month], "March") -> 3 | H13: =COUNTIFS(MainDB[Email Address],'Individual Submission'!$B13,MainDB[Month], "April") -> 0 | I13: =COUNTIFS(MainDB[Email Address],'Individual Submission'!$B13,MainDB[Month], "May") -> 0 | J13: =COUNTIFS(MainDB[Email Address],'Individual Submission'!$B13,MainDB[Month], "June") -> 5 | K13: =COUNTIFS(MainDB[Email Address],'Individual Submission'!$B13,MainDB[Month], "July") -> 0 | L13: =COUNTIFS(MainDB[Email Address],'Individual Submission'!$B13,MainDB[Month], "August") -> 0 | M13: =COUNTIFS(MainDB[Email Address],'Individual Submission'!$B13,MainDB[Month], "September") -> 0 | N13: =COUNTIFS(MainDB[Email Address],'Individual Submission'!$B13,MainDB[Month], "October") -> 0 | O13: =COUNTIFS(MainDB[Email Address],'Individual Submission'!$B13,MainDB[Month], "November") -> 0 | P13: =COUNTIFS(MainDB[Email Address],'Individual Submission'!$B13,MainDB[Month], "December") -> 0 | Q13: =SUM(E13:P13) -> 8
... A17: 16 | B17: adefokuntimileyin@gmail.com | C17: =_xlfn.XLOOKUP($B17, MainDB[Email Address], MainDB[Worker''s Full Name],,0) -> Adefokun Timileyin Victoria | D17: =_xlfn.XLOOKUP($B17, MainDB[Email Address], MainDB[Branch],,0) -> Ipetu-Ijesha, Osun State | E17: =COUNTIFS(MainDB[Email Address],'Individual Submission'!$B17,MainDB[Month], "January") -> 0 | F17: =COUNTIFS(MainDB[Email Address],'Individual Submission'!$B17,MainDB[Month], "February") -> 0 | G17: =COUNTIFS(MainDB[Email Address],'Individual Submission'!$B17,MainDB[Month], "March") -> 1 | H17: =COUNTIFS(MainDB[Email Address],'Individual Submission'!$B17,MainDB[Month], "April") -> 0 | I17: =COUNTIFS(MainDB[Email Address],'Individual Submission'!$B17,MainDB[Month], "May") -> 0 | J17: =COUNTIFS(MainDB[Email Address],'Individual Submission'!$B17,MainDB[Month], "June") -> 0 | K17: =COUNTIFS(MainDB[Email Address],'Individual Submission'!$B17,MainDB[Month], "July") -> 0 | L17: =COUNTIFS(MainDB[Email Address],'Individual Submission'!$B17,MainDB[Month], "August") -> 0 | M17: =COUNTIFS(MainDB[Email Address],'Individual Submission'!$B17,MainDB[Month], "September") -> 0 | N17: =COUNTIFS(MainDB[Email Address],'Individual Submission'!$B17,MainDB[Month], "October") -> 0 | O17: =COUNTIFS(MainDB[Email Address],'Individual Submission'!$B17,MainDB[Month], "November") -> 0 | P17: =COUNTIFS(MainDB[Email Address],'Individual Submission'!$B17,MainDB[Month], "December") -> 0 | Q17: =SUM(E17:P17) -> 1

Sheet Branch Submission
A1: Branch | B1: Jan | C1: Feb | D1: Mar | E1: Apr | F1: May | G1: Jun | H1: Jul | I1: Aug | J1: Sep | K1: Oct | L1: Nov | M1: Dec | N1: Total per Branch
A2: University Of Ilesa, Osun State | B2: =COUNTIFS(MainDB[Branch],'Branch Submission'!$A2,MainDB[Month], "January") -> 2 | C2: =COUNTIFS(MainDB[Branch],'Branch Submission'!$A2,MainDB[Month], "February") -> 3 | D2: =COUNTIFS(MainDB[Branch],'Branch Submission'!$A2,MainDB[Month], "March") -> 20 | E2: =COUNTIFS(MainDB[Branch],'Branch Submission'!$A2,MainDB[Month], "April") -> 3 | F2: =COUNTIFS(MainDB[Branch],'Branch Submission'!$A2,MainDB[Month], "May") -> 0 | G2: =COUNTIFS(MainDB[Branch],'Branch Submission'!$A2,MainDB[Month], "June") -> 12 | H2: =COUNTIFS(MainDB[Branch],'Branch Submission'!$A2,MainDB[Month], "July") -> 0 | I2: =COUNTIFS(MainDB[Branch],'Branch Submission'!$A2,MainDB[Month], "August") -> 0 | J2: =COUNTIFS(MainDB[Branch],'Branch Submission'!$A2,MainDB[Month], "September") -> 4 | K2: =COUNTIFS(MainDB[Branch],'Branch Submission'!$A2,MainDB[Month], "October") -> 1 | L2: =COUNTIFS(MainDB[Branch],'Branch Submission'!$A2,MainDB[Month], "November") -> 3 | M2: =COUNTIFS(MainDB[Branch],'Branch Submission'!$A2,MainDB[Month], "December") -> 0 | N2: =SUM(B2:M2) -> 48
A3: Ipetu-Ijesha, Osun State | B3: =COUNTIFS(MainDB[Branch],'Branch Submission'!$A3,MainDB[Month], "January") -> 1 | C3: =COUNTIFS(MainDB[Branch],'Branch Submission'!$A3,MainDB[Month], "February") -> 0 | D3: =COUNTIFS(MainDB[Branch],'Branch Submission'!$A3,MainDB[Month], "March") -> 2 | E3: =COUNTIFS(MainDB[Branch],'Branch Submission'!$A3,MainDB[Month], "April") -> 0 | F3: =COUNTIFS(MainDB[Branch],'Branch Submission'!$A3,MainDB[Month], "May") -> 0 | G3: =COUNTIFS(MainDB[Branch],'Branch Submission'!$A3,MainDB[Month], "June") -> 0 | H3: =COUNTIFS(MainDB[Branch],'Branch Submission'!$A3,MainDB[Month], "July") -> 0 | I3: =COUNTIFS(MainDB[Branch],'Branch Submission'!$A3,MainDB[Month], "August") -> 0 | J3: =COUNTIFS(MainDB[Branch],'Branch Submission'!$A3,MainDB[Month], "September") -> 0 | K3: =COUNTIFS(MainDB[Branch],'Branch Submission'!$A3,MainDB[Month], "October") -> 0 | L3: =COUNTIFS(MainDB[Branch],'Branch Submission'!$A3,MainDB[Month], "November") -> 0 | M3: =COUNTIFS(MainDB[Branch],'Branch Submission'!$A3,MainDB[Month], "December") -> 0 | N3: =SUM(B3:M3) -> 3
A4: Health Tech Bolorunduro, Ilesa, Osun State | B4: =COUNTIFS(MainDB[Branch],'Branch Submission'!$A4,MainDB[Month], "January") -> 0 | C4: =COUNTIFS(MainDB[Branch],'Branch Submission'!$A4,MainDB[Month], "February") -> 2 | D4: =COUNTIFS(MainDB[Branch],'Branch Submission'!$A4,MainDB[Month], "March") -> 9 | E4: =COUNTIFS(MainDB[Branch],'Branch Submission'!$A4,MainDB[Month], "April") -> 0 | F4: =COUNTIFS(MainDB[Branch],'Branch Submission'!$A4,MainDB[Month], "May") -> 0 | G4: =COUNTIFS(MainDB[Branch],'Branch Submission'!$A4,MainDB[Month], "June") -> 4 | H4: =COUNTIFS(MainDB[Branch],'Branch Submission'!$A4,MainDB[Month], "July") -> 0 | I4: =COUNTIFS(MainDB[Branch],'Branch Submission'!$A4,MainDB[Month], "August") -> 0 | J4: =COUNTIFS(MainDB[Branch],'Branch Submission'!$A4,MainDB[Month], "September") -> 2 | K4: =COUNTIFS(MainDB[Branch],'Branch Submission'!$A4,MainDB[Month], "October") -> 0 | L4: =COUNTIFS(MainDB[Branch],'Branch Submission'!$A4,MainDB[Month], "November") -> 2 | M4: =COUNTIFS(MainDB[Branch],'Branch Submission'!$A4,MainDB[Month], "December") -> 0 | N4: =SUM(B4:M4) -> 19
A5: Esa-Oke, Osun State | B5: =COUNTIFS(MainDB[Branch],'Branch Submission'!$A5,MainDB[Month], "January") -> 2 | C5: =COUNTIFS(MainDB[Branch],'Branch Submission'!$A5,MainDB[Month], "February") -> 1 | D5: =COUNTIFS(MainDB[Branch],'Branch Submission'!$A5,MainDB[Month], "March") -> 0 | E5: =COUNTIFS(MainDB[Branch],'Branch Submission'!$A5,MainDB[Month], "April") -> 0 | F5: =COUNTIFS(MainDB[Branch],'Branch Submission'!$A5,MainDB[Month], "May") -> 0 | G5: =COUNTIFS(MainDB[Branch],'Branch Submission'!$A5,MainDB[Month], "June") -> 0 | H5: =COUNTIFS(MainDB[Branch],'Branch Submission'!$A5,MainDB[Month], "July") -> 0 | I5: =COUNTIFS(MainDB[Branch],'Branch Submission'!$A5,MainDB[Month], "August") -> 0 | J5: =COUNTIFS(MainDB[Branch],'Branch Submission'!$A5,MainDB[Month], "September") -> 0 | K5: =COUNTIFS(MainDB[Branch],'Branch Submission'!$A5,MainDB[Month], "October") -> 0 | L5: =COUNTIFS(MainDB[Branch],'Branch Submission'!$A5,MainDB[Month], "November") -> 0 | M5: =COUNTIFS(MainDB[Branch],'Branch Submission'!$A5,MainDB[Month], "December") -> 0 | N5: =SUM(B5:M5) -> 3
A6: Headquarters, Egbe-Idi, Ilesa, Osun State | B6: =COUNTIFS(MainDB[Branch],'Branch Submission'!$A6,MainDB[Month], "January") -> 0 | C6: =COUNTIFS(MainDB[Branch],'Branch Submission'!$A6,MainDB[Month], "February") -> 1 | D6: =COUNTIFS(MainDB[Branch],'Branch Submission'!$A6,MainDB[Month], "March") -> 5 | E6: =COUNTIFS(MainDB[Branch],'Branch Submission'!$A6,MainDB[Month], "April") -> 0 | F6: =COUNTIFS(MainDB[Branch],'Branch Submission'!$A6,MainDB[Month], "May") -> 0 | G6: =COUNTIFS(MainDB[Branch],'Branch Submission'!$A6,MainDB[Month], "June") -> 6 | H6: =COUNTIFS(MainDB[Branch],'Branch Submission'!$A6,MainDB[Month], "July") -> 0 | I6: =COUNTIFS(MainDB[Branch],'Branch Submission'!$A6,MainDB[Month], "August") -> 0 | J6: =COUNTIFS(MainDB[Branch],'Branch Submission'!$A6,MainDB[Month], "September") -> 4 | K6: =COUNTIFS(MainDB[Branch],'Branch Submission'!$A6,MainDB[Month], "October") -> 0 | L6: =COUNTIFS(MainDB[Branch],'Branch Submission'!$A6,MainDB[Month], "November") -> 3 | M6: =COUNTIFS(MainDB[Branch],'Branch Submission'!$A6,MainDB[Month], "December") -> 0 | N6: =SUM(B6:M6) -> 19

Sheet Monthly Submission
A1: Month | B1: No of Submission
A2: January | B2: =SUM(BranchDB[Jan]) -> 5
A3: February | B3: =SUM(BranchDB[Feb]) -> 7
A4: March | B4: =SUM(BranchDB[Mar]) -> 36
A5: April | B5: =SUM(BranchDB[Apr]) -> 3
A6: May | B6: =SUM(BranchDB[May]) -> 0
A7: June | B7: =SUM(BranchDB[Jun]) -> 22
A8: July | B8: =SUM(BranchDB[Jul]) -> 0
A9: August | B9: =SUM(BranchDB[Aug]) -> 0
A10: September | B10: =SUM(BranchDB[Sep]) -> 10
A11: October | B11: =SUM(BranchDB[Oct]) -> 1
A12: November | B12: =SUM(BranchDB[Nov]) -> 8
A13: December | B13: =SUM(BranchDB[Dec]) -> 0
A14: Total | B14: =SUM($B$2:$B$13) -> 92

Sheet Dashboard
